merchant,normalized_merchant,merchant_labels,operator,operator_source_families,historical_signal_count,historical_offer_count,source_tracks,automation_progress,furthest_verified_stage,autonomous_acquisition_enabled,remaining_path,auto_publish_complete_candidates,review_incomplete_candidates,next_action,main_blocker,observed_direct_domains,observed_direct_candidate_count,ownership_status,enumerability_status,historical_enumerability_status,extraction_status,adapter_status,direct_source_id,source_family,publication_enabled,autonomous_ingestion_status,known_blockers,evidence_refs,source_observations,canonical_identity_review
"21 on Rajah","21onrajah","[""21 on Rajah""]","null","[]","1","1","[]","not_assessed","discovered","false","manual_research","false","false","assess_direct_source","no_captured_direct_source_assessment","[]","0","unknown","unknown","unknown","unknown","none","null","[]","false","not_onboarded","[""no_captured_direct_source_assessment""]","[""tests/corpus/mvp-conformance-reviewed.json#db175492-a165-42b6-b5c0-b9be7bd7fa2c""]","[]",""
"4Fingers","4fingers","[""4Fingers""]","4Fingers Pte. Ltd.","[]","2","2","[{""kind"":""merchant_social"",""platform"":""instagram"",""source_id"":null,""account"":""gimme4fingers"",""operator"":null,""urls"":[""https://www.instagram.com/gimme4fingers/""],""ownership"":""verified"",""enumeration"":""blocked"",""extraction"":""not_assessed"",""adapter"":null,""adapter_status"":""none"",""activation_status"":""blocked"",""stage"":""blocked"",""publication_enabled"":false,""auto_publish"":false,""autonomous_acquisition_enabled"":false,""review_incomplete_candidates"":false,""blockers"":[""automated_access_permission_unestablished"",""bounded_feed_boundary_unproven"",""post_account_association_unproven"",""unknown_continuation""],""evidence_refs"":[""https://order.4fingers.com.sg/corp/my_profile"",""tests/fixtures/coverage-batch-2/4fingers/social-2/c42798ae973373bd89c1ae6460b5bd5d05fc2465a46138bb5f617180b733db71.html"",""tests/fixtures/coverage-batch-2/4fingers/web-4/47ac77f54b7348d8cfc65b80f41cd21c5488b49c67e84565a16aebdbe0f3b650.html"",""tests/fixtures/coverage-batch-2/4fingers/web-4/manifest.json""]},{""kind"":""merchant_web"",""platform"":null,""account"":null,""source_id"":null,""operator"":""4Fingers Pte. Ltd."",""urls"":[""https://order.4fingers.com.sg/corp/my_profile"",""https://www.4fingers.com.sg/"",""https://www.4fingers.com.sg/promotions""],""ownership"":""verified"",""enumeration"":""not_enumerable"",""extraction"":""public_js_shell"",""adapter"":null,""adapter_status"":""none"",""activation_status"":""blocked"",""stage"":""blocked"",""publication_enabled"":false,""auto_publish"":false,""autonomous_acquisition_enabled"":false,""review_incomplete_candidates"":false,""blockers"":[""public_promotion_html_js_shell"",""no_public_bounded_enumeration""],""evidence_refs"":[""tests/fixtures/coverage-batch-2/4fingers/social-2/c42798ae973373bd89c1ae6460b5bd5d05fc2465a46138bb5f617180b733db71.html"",""tests/fixtures/coverage-batch-2/4fingers/web-2/e5ad4aafed92193d51d8cd04daa8a7c0e1e68b24950d70341f15f207c397c9f3.html"",""tests/fixtures/coverage-batch-2/4fingers/web-4/47ac77f54b7348d8cfc65b80f41cd21c5488b49c67e84565a16aebdbe0f3b650.html""]}]","blocked","blocked","false","blocked","false","false","blocked_no_safe_public_source","automated_access_permission_unestablished","[]","0","verified","not_enumerable","unknown","public_js_shell","none","null","[""corporate_html_promotion_directory""]","false","not_onboarded","[""no_public_bounded_enumeration"",""public_promotion_html_js_shell""]","[""tests/corpus/mvp-conformance-reviewed.json#49333065-b4c7-440d-80be-1c14f470264e"",""tests/corpus/mvp-conformance-reviewed.json#8994ad45-4dfe-426c-9c3c-17e14f4984b7"",""tests/fixtures/coverage-batch-2/4fingers/social-2/c42798ae973373bd89c1ae6460b5bd5d05fc2465a46138bb5f617180b733db71.html"",""tests/fixtures/coverage-batch-2/4fingers/web-2/e5ad4aafed92193d51d8cd04daa8a7c0e1e68b24950d70341f15f207c397c9f3.html"",""tests/fixtures/coverage-batch-2/4fingers/web-4/47ac77f54b7348d8cfc65b80f41cd21c5488b49c67e84565a16aebdbe0f3b650.html""]","[]",""
"7-Eleven","7eleven","[""7-Eleven""]","null","[]","2","2","[]","not_assessed","discovered","false","manual_research","false","false","assess_direct_source","no_captured_direct_source_assessment","[]","0","unknown","unknown","unknown","unknown","none","null","[]","false","not_onboarded","[""no_captured_direct_source_assessment""]","[""tests/corpus/mvp-conformance-reviewed.json#2f33d376-e17d-403c-b224-bacd4ae4fb24"",""tests/corpus/mvp-conformance-reviewed.json#ac514d76-7eae-4887-9ae8-f876eabaafa1""]","[]",""
"AFTER HOURS","afterhours","[""AFTER HOURS""]","null","[]","1","1","[]","not_assessed","discovered","false","manual_research","false","false","assess_direct_source","no_captured_direct_source_assessment","[]","0","unknown","unknown","unknown","unknown","none","null","[]","false","not_onboarded","[""no_captured_direct_source_assessment""]","[""tests/corpus/mvp-conformance-reviewed.json#ce65759b-5f13-4390-8d4b-29b728b0830c""]","[]",""
"Ajumma's Korean Restaurant","ajummaskoreanrestaurant","[""Ajumma's Korean Restaurant"",""Ajumma’s""]","null","[]","2","2","[{""kind"":""merchant_social"",""platform"":""instagram"",""source_id"":null,""account"":""ajummasg"",""operator"":null,""urls"":[""https://www.instagram.com/p/Dc-kxPJzx9B/?utm_source=telegram&utm_medium=sep2026&utm_campaign=sgfooddeals""],""ownership"":""verified"",""enumeration"":""blocked"",""extraction"":""not_assessed"",""adapter"":null,""adapter_status"":""none"",""activation_status"":""blocked"",""stage"":""blocked"",""publication_enabled"":false,""auto_publish"":false,""autonomous_acquisition_enabled"":false,""review_incomplete_candidates"":false,""blockers"":[""automated_access_permission_unestablished"",""bounded_feed_boundary_unproven"",""public_feed_not_exposed"",""unknown_continuation""],""evidence_refs"":[""https://www.ajummassg.com/"",""tests/fixtures/social-sources/instagram-2026-10-02/90d7caba73192f6110a81440b4f85c409071a0087fa7eb5ef01d7a7002519855.html"",""tests/fixtures/social-sources/instagram-2026-10-02/9b7ee95414c063b60f90a74e69d1a51d62010e45a4899a11bfa1ae1a507f593e.html"",""tests/fixtures/social-sources/official-2026-10-02-network/f7b3a69eed9d6b08ab0d8238a2c3041b8ddfd3bcf7094222b98475cf8d08c9d6.html"",""tests/fixtures/social-sources/official-2026-10-02-network/manifest.json""]}]","blocked","blocked","false","blocked","false","false","blocked_no_safe_public_source","automated_access_permission_unestablished","[]","0","unknown","unknown","unknown","unknown","none","null","[]","false","not_onboarded","[""no_captured_direct_source_assessment""]","[""tests/corpus/mvp-conformance-reviewed.json#7443f48e-8dfc-4f29-9447-b049722bbc8e"",""tests/corpus/mvp-conformance-reviewed.json#8241b190-db40-404b-9b3a-516f3075270d""]","[]","{""aliases"":[{""alias"":""Ajumma’s"",""canonical"":""Ajumma's Korean Restaurant"",""reason"":""Official merchant page title and description explicitly self-identify both historical labels as the same restaurant. No spelling/operator inference."",""capture_file"":""tests/fixtures/social-sources/official-2026-10-02-network/f7b3a69eed9d6b08ab0d8238a2c3041b8ddfd3bcf7094222b98475cf8d08c9d6.html"",""capture_sha256"":""f7b3a69eed9d6b08ab0d8238a2c3041b8ddfd3bcf7094222b98475cf8d08c9d6""}],""historical_signal_urls"":[""https://t.me/sgfooddeals/4932"",""https://t.me/tastesoulsg/4474""],""historical_offer_ids"":[""reviewed:d3ad1420-f9dd-5baa-ae24-d6917313649f"",""reviewed:fd8cc9e2-af8d-55fd-a917-e873fcfabb0e""]}"
"ALC Rice Bowls","alcricebowls","[""ALC Rice Bowls""]","null","[]","1","1","[]","not_assessed","discovered","false","manual_research","false","false","assess_direct_source","no_captured_direct_source_assessment","[]","0","unknown","unknown","unknown","unknown","none","null","[]","false","not_onboarded","[""no_captured_direct_source_assessment""]","[""tests/corpus/mvp-conformance-reviewed.json#2255d037-8122-4714-9140-7eeed6e04096""]","[]",""
"Andaz","andaz","[""Andaz""]","null","[]","1","1","[]","not_assessed","discovered","false","manual_research","false","false","assess_direct_source","no_captured_direct_source_assessment","[]","0","unknown","unknown","unknown","unknown","none","null","[]","false","not_onboarded","[""no_captured_direct_source_assessment""]","[""tests/corpus/mvp-conformance-reviewed.json#86346d02-758b-4551-a129-e1ecf6c4f663""]","[]",""
"Baci Baci","bacibaci","[""Baci Baci""]","null","[]","1","1","[]","not_assessed","discovered","false","manual_research","false","false","assess_direct_source","no_captured_direct_source_assessment","[]","0","unknown","unknown","unknown","unknown","none","null","[]","false","not_onboarded","[""no_captured_direct_source_assessment""]","[""tests/corpus/mvp-conformance-reviewed.json#ed064ffd-fccd-48c5-aec4-4f5704c9497e""]","[]",""
"Bari Bari Grand","baribarigrand","[""Bari Bari Grand""]","null","[]","1","1","[]","not_assessed","discovered","false","manual_research","false","false","assess_direct_source","no_captured_direct_source_assessment","[]","0","unknown","unknown","unknown","unknown","none","null","[]","false","not_onboarded","[""no_captured_direct_source_assessment""]","[""tests/corpus/mvp-conformance-reviewed.json#8824bdb8-e89e-432a-9cde-b1028dc4d10d""]","[]",""
"Bari Bari Steak","baribaristeak","[""Bari Bari Steak""]","EN Group","[]","3","3","[{""kind"":""merchant_social"",""platform"":""facebook"",""source_id"":null,""account"":""61583504727882"",""operator"":null,""urls"":[""https://www.facebook.com/reel/2213996399456039?utm_source=telegram&utm_medium=sep2026&utm_campaign=sgfooddeals""],""ownership"":""verified"",""enumeration"":""not_assessed"",""extraction"":""not_assessed"",""adapter"":null,""adapter_status"":""none"",""activation_status"":""candidate"",""stage"":""ownership_verified"",""publication_enabled"":false,""auto_publish"":false,""autonomous_acquisition_enabled"":false,""review_incomplete_candidates"":false,""blockers"":[],""evidence_refs"":[""https://baribaristeak.com.sg/"",""tests/fixtures/coverage-batch-2/baribaristeak/social-1/5cf40ec5139d7ad83e9cf5ef0ba9243d870508a74651d9ce02996112ea18c4d4.html"",""tests/fixtures/coverage-batch-2/baribaristeak/web-2/d22a4cf20300796172cb0e7a062d28afec424dd6eb5e4ee03f8279491d91deba.html"",""tests/fixtures/coverage-batch-2/baribaristeak/web-2/manifest.json""]},{""kind"":""merchant_social"",""platform"":""instagram"",""source_id"":null,""account"":""baribaristeaksg"",""operator"":null,""urls"":[""https://www.instagram.com/p/DdF3_bwEeGK/?hl=en&utm_source=Telegram&utm_medium=TS&utm_campaign=TS_BariBariSteak-1f1"",""https://www.instagram.com/p/DdbNN-YicMs/?utm_source=telegram&utm_medium=TS""],""ownership"":""verified"",""enumeration"":""blocked"",""extraction"":""not_assessed"",""adapter"":null,""adapter_status"":""none"",""activation_status"":""blocked"",""stage"":""blocked"",""publication_enabled"":false,""auto_publish"":false,""autonomous_acquisition_enabled"":false,""review_incomplete_candidates"":false,""blockers"":[""automated_access_permission_unestablished"",""bounded_feed_boundary_unproven"",""unknown_continuation""],""evidence_refs"":[""https://baribaristeak.com.sg/"",""tests/fixtures/coverage-batch-2/baribaristeak/social-1/1333510ba88ff6c2a335cc9ebde4d31dbd43ff81b66f734d674665b5a5dd54a0.html"",""tests/fixtures/coverage-batch-2/baribaristeak/social-1/bc8c8df9ac5ee6d31573e1a4dfff4e040f86733afc66759e3703f0605ea08b38.html"",""tests/fixtures/coverage-batch-2/baribaristeak/social-1/d1b506418caa115d5ce6a391477d1ad9c0f6eb910f3a6a8b26920297d897d5df.html"",""tests/fixtures/coverage-batch-2/baribaristeak/web-2/d22a4cf20300796172cb0e7a062d28afec424dd6eb5e4ee03f8279491d91deba.html"",""tests/fixtures/coverage-batch-2/baribaristeak/web-2/manifest.json""]},{""kind"":""merchant_web"",""platform"":null,""source_id"":""bari_bari_steak_sg"",""account"":null,""operator"":""EN Group"",""urls"":[""https://baribaristeak.com.sg/promotions/""],""ownership"":""verified"",""enumeration"":""partial"",""extraction"":""partial"",""adapter"":""bari-bari-steak"",""adapter_status"":""shadow"",""activation_status"":""shadow"",""stage"":""adapter_shadow"",""publication_enabled"":false,""auto_publish"":false,""autonomous_acquisition_enabled"":false,""review_incomplete_candidates"":false,""blockers"":[""bari_grid_continuation_unproven"",""campaign_validity_unspecified"",""detail_campaign_body_unassociated"",""outlet_time_groups_require_review""],""evidence_refs"":[""docs/changes/coverage-batch-2/research.md (captured official source boundaries, 2026-10-02)"",""docs/changes/coverage-batch-2/source-decisions.json"",""https://baribaristeak.com.sg/"",""https://engroup.com.sg/""]}]","shadow_only","adapter_shadow","false","website","false","false","resolve_web_enumeration","automated_access_permission_unestablished","[]","0","verified","partial","unknown","partial","shadow","bari_bari_steak_sg","[""wordpress_promotion_directory""]","false","disabled_shadow","[""bari_grid_continuation_unproven"",""campaign_validity_unspecified"",""detail_campaign_body_unassociated"",""outlet_time_groups_require_review""]","["".local/source-origin-audit/2026-09-30-social-corrected-offline/signals.json#3d2d04aa073b6b79b46faa22eecc80f36216cedda95b632ba1f99c1d44d022f9"","".local/source-origin-audit/2026-09-30-social-corrected-offline/signals.json#9ce240c76b2b0b286ca4f62bb61af07d272b7e662411f210d51124d4fa1360cd"","".local/source-origin-audit/2026-09-30-social-corrected-offline/signals.json#a041b1bb0fcbd4fa6c24dc5feddc0a43365f70ba21522fe9f87b17c83fbc1f36"",""docs/changes/coverage-batch-2/research.md (captured official source boundaries, 2026-10-02)"",""docs/changes/coverage-batch-2/source-decisions.json"",""https://baribaristeak.com.sg/"",""https://engroup.com.sg/"",""tests/fixtures/coverage-batch-2/baribaristeak/details-1/097778673c44362321b42227eba1d9c53dfaad79e0f834b2517567d08a655249.html"",""tests/fixtures/coverage-batch-2/baribaristeak/details-1/4bcb6a6499426f9d69dca10894daf41ea29a43c0e645714115d1c6596156f54d.html"",""tests/fixtures/coverage-batch-2/baribaristeak/details-1/cfbc6a505bc1159aa6731660ac52e83e9f898d65919ce05aa5a76eec0a5d1d8d.html"",""tests/fixtures/coverage-batch-2/baribaristeak/details-1/d314f832ff5d18d0a055b8e817003024d4159b8c43bba1b463b2a6e040ea384d.html"",""tests/fixtures/coverage-batch-2/baribaristeak/details-1/f3ff5737e3b253f7d47bb2b9ce96b514a6f56d9093f9e0278fa855118d560480.html"",""tests/fixtures/coverage-batch-2/baribaristeak/social-1/1333510ba88ff6c2a335cc9ebde4d31dbd43ff81b66f734d674665b5a5dd54a0.html"",""tests/fixtures/coverage-batch-2/baribaristeak/social-1/5cf40ec5139d7ad83e9cf5ef0ba9243d870508a74651d9ce02996112ea18c4d4.html"",""tests/fixtures/coverage-batch-2/baribaristeak/social-1/bc8c8df9ac5ee6d31573e1a4dfff4e040f86733afc66759e3703f0605ea08b38.html"",""tests/fixtures/coverage-batch-2/baribaristeak/social-1/d1b506418caa115d5ce6a391477d1ad9c0f6eb910f3a6a8b26920297d897d5df.html"",""tests/fixtures/coverage-batch-2/baribaristeak/web-2/79c87087e93cdfeeca487eca183a19329f268dfe357830af0e79e348bae8ac63.html"",""tests/fixtures/coverage-batch-2/baribaristeak/web-2/d22a4cf20300796172cb0e7a062d28afec424dd6eb5e4ee03f8279491d91deba.html"",""tests/fixtures/coverage-batch-2/baribaristeak/web-3/3b4ba27215b0eb62b972b74d8d85aa8f4c4fab08008dfe6242f58828c4bbd0c4.html"",""tests/fixtures/coverage-batch-2/baribaristeak/web-3/e3b0c44298fc1c149afbf4c8996fb92427ae41e4649b934ca495991b7852b855.html"",""tests/fixtures/coverage-batch-2/baribaristeak/web-3/f9c13ab276bf44b6f229f66004f7b6e8d47e75b2255d2879149f6ca8ad1aab5b.html"",""tests/fixtures/coverage-batch-2/baribaristeak/web-4/0fc412a5f25e4c8882c1edb632b8cdd7b28a693d0a29ab96c83046190b5ad259.html""]","[]",""
"Beard Papa's","beardpapas","[""Beard Papa's"",""Beard Papa’s""]","null","[]","2","2","[{""kind"":""merchant_social"",""platform"":""instagram"",""source_id"":null,""account"":null,""operator"":null,""urls"":[""https://www.instagram.com/p/DdsjWF1jKhg/?utm_source=telegram&utm_medium=oct2026&utm_campaign=sgfooddeals""],""ownership"":""unverified"",""enumeration"":""not_assessed"",""extraction"":""not_assessed"",""adapter"":null,""adapter_status"":""none"",""activation_status"":""candidate"",""stage"":""discovered"",""publication_enabled"":false,""auto_publish"":false,""autonomous_acquisition_enabled"":false,""review_incomplete_candidates"":false,""blockers"":[""exact_account_unresolved"",""ownership_unverified""],""evidence_refs"":[""https://www.instagram.com/p/DdsjWF1jKhg/?utm_source=telegram&utm_medium=oct2026&utm_campaign=sgfooddeals""]},{""kind"":""merchant_social"",""platform"":""instagram"",""source_id"":null,""account"":null,""operator"":null,""urls"":[""https://www.instagram.com/p/DdsjWF1jKhg/?utm_source=telegram&utm_medium=TS&utm_content=beard+papa%27s+1for1+bugis""],""ownership"":""unverified"",""enumeration"":""not_assessed"",""extraction"":""not_assessed"",""adapter"":null,""adapter_status"":""none"",""activation_status"":""candidate"",""stage"":""discovered"",""publication_enabled"":false,""auto_publish"":false,""autonomous_acquisition_enabled"":false,""review_incomplete_candidates"":false,""blockers"":[""exact_account_unresolved"",""ownership_unverified""],""evidence_refs"":[""https://www.instagram.com/p/DdsjWF1jKhg/?utm_source=telegram&utm_medium=TS&utm_content=beard+papa%27s+1for1+bugis""]}]","source_candidate","discovered","false","instagram","false","false","verify_instagram_ownership","exact_account_unresolved","[]","0","unknown","unknown","unknown","unknown","none","null","[]","false","not_onboarded","[""no_captured_direct_source_assessment""]","["".local/source-origin-audit/2026-09-30-social-corrected-offline/signals.json#8e98643bed778e409af3758d8944e3c0ee50768f4b3706ddeb3a597fe824bcab"","".local/source-origin-audit/2026-09-30-social-corrected-offline/signals.json#bf1086a22656949df94dbd4af4640ceaea9d046286ac806b85c94af7dbc20808""]","[]",""
"BlackTree","blacktree","[""BlackTree""]","null","[]","1","1","[]","not_assessed","discovered","false","manual_research","false","false","assess_direct_source","no_captured_direct_source_assessment","[]","0","unknown","unknown","unknown","unknown","none","null","[]","false","not_onboarded","[""no_captured_direct_source_assessment""]","[""tests/corpus/mvp-conformance-reviewed.json#9d3f79d6-fdd6-49d3-a84a-e4fadfa9fdfb""]","[]",""
"BOMUL Samgyetang","bomulsamgyetang","[""BOMUL Samgyetang""]","null","[]","1","1","[{""kind"":""merchant_social"",""platform"":""instagram"",""source_id"":null,""account"":null,""operator"":null,""urls"":[""https://www.instagram.com/p/DdjTKPTzKUo/?utm_source=telegram&utm_medium=TS""],""ownership"":""unverified"",""enumeration"":""not_assessed"",""extraction"":""not_assessed"",""adapter"":null,""adapter_status"":""none"",""activation_status"":""candidate"",""stage"":""discovered"",""publication_enabled"":false,""auto_publish"":false,""autonomous_acquisition_enabled"":false,""review_incomplete_candidates"":false,""blockers"":[""exact_account_unresolved"",""ownership_unverified""],""evidence_refs"":[""https://www.instagram.com/p/DdjTKPTzKUo/?utm_source=telegram&utm_medium=TS""]}]","source_candidate","discovered","false","instagram","false","false","verify_instagram_ownership","exact_account_unresolved","[]","0","unknown","unknown","unknown","unknown","none","null","[]","false","not_onboarded","[""no_captured_direct_source_assessment""]","["".local/source-origin-audit/2026-09-30-social-corrected-offline/signals.json#2e55e033777322682f4cfc759ae06309795c309811e103bc8265af801393f53b""]","[]",""
"Bottega JB","bottegajb","[""Bottega JB""]","null","[]","1","1","[]","not_assessed","discovered","false","manual_research","false","false","assess_direct_source","no_captured_direct_source_assessment","[]","0","unknown","unknown","unknown","unknown","none","null","[]","false","not_onboarded","[""no_captured_direct_source_assessment""]","[""tests/corpus/mvp-conformance-reviewed.json#772a3800-1d67-4dda-9b9b-2442241b36eb""]","[]",""
"Braek Acai & Coffee","braekacaicoffee","[""Braek Acai & Coffee""]","null","[]","1","1","[]","not_assessed","discovered","false","manual_research","false","false","assess_direct_source","no_captured_direct_source_assessment","[]","0","unknown","unknown","unknown","unknown","none","null","[]","false","not_onboarded","[""no_captured_direct_source_assessment""]","[""tests/corpus/mvp-conformance-reviewed.json#fcb3b89c-3f35-4061-9f5b-52353aca1594""]","[]",""
"Brash Boys Coffee","brashboyscoffee","[""Brash Boys Coffee""]","null","[]","1","2","[]","not_assessed","discovered","false","manual_research","false","false","assess_direct_source","no_captured_direct_source_assessment","[]","0","unknown","unknown","unknown","unknown","none","null","[]","false","not_onboarded","[""no_captured_direct_source_assessment""]","[""tests/corpus/mvp-conformance-reviewed.json#9114b540-77e9-46f1-a83c-26f8e30d75c1""]","[]",""
"Brasserie Astoria","brasserieastoria","[""Brasserie Astoria""]","null","[]","1","1","[]","not_assessed","discovered","false","manual_research","false","false","assess_direct_source","no_captured_direct_source_assessment","[]","0","unknown","unknown","unknown","unknown","none","null","[]","false","not_onboarded","[""no_captured_direct_source_assessment""]","[""tests/corpus/mvp-conformance-reviewed.json#832c065d-9c70-47cc-8278-47d8b4d61911""]","[]",""
"BURNT CONES","burntcones","[""BURNT CONES"",""Burnt Cones""]","null","[]","2","2","[]","not_assessed","discovered","false","manual_research","false","false","assess_direct_source","no_captured_direct_source_assessment","[]","0","unknown","unknown","unknown","unknown","none","null","[]","false","not_onboarded","[""no_captured_direct_source_assessment""]","[""tests/corpus/mvp-conformance-reviewed.json#b3b5a294-87d4-4865-a9d6-9781d4016d1d"",""tests/corpus/mvp-conformance-reviewed.json#e7b33e45-3f2b-45f8-b545-c55e19831432""]","[]",""
"Burnt Ends Bakery","burntendsbakery","[""Burnt Ends Bakery""]","null","[]","1","1","[]","not_assessed","discovered","false","manual_research","false","false","assess_direct_source","no_captured_direct_source_assessment","[]","0","unknown","unknown","unknown","unknown","none","null","[]","false","not_onboarded","[""no_captured_direct_source_assessment""]","[""tests/corpus/mvp-conformance-reviewed.json#26e18b2a-3b46-41c6-aca9-0a1d13c4781f""]","[]",""
"Cai-Ca","caica","[""Cai-Ca""]","null","[]","1","1","[]","not_assessed","discovered","false","manual_research","false","false","assess_direct_source","no_captured_direct_source_assessment","[]","0","unknown","unknown","unknown","unknown","none","null","[]","false","not_onboarded","[""no_captured_direct_source_assessment""]","[""tests/corpus/mvp-conformance-reviewed.json#0aa1ed7e-513c-401a-b2ae-c8693b1b331a"",""tests/corpus/mvp-conformance-reviewed.json#488ddfae-28ec-4455-8d72-a5d447e72358""]","[]",""
"Captain Kim","captainkim","[""Captain Kim""]","Kingdom Food Holding Pte Ltd","[]","2","2","[{""kind"":""merchant_social"",""platform"":""instagram"",""source_id"":null,""account"":""captainkimsg"",""operator"":null,""urls"":[""https://www.instagram.com/captainkimsg/""],""ownership"":""verified"",""enumeration"":""blocked"",""extraction"":""not_assessed"",""adapter"":null,""adapter_status"":""none"",""activation_status"":""blocked"",""stage"":""blocked"",""publication_enabled"":false,""auto_publish"":false,""autonomous_acquisition_enabled"":false,""review_incomplete_candidates"":false,""blockers"":[""automated_access_permission_unestablished"",""bounded_feed_boundary_unproven"",""post_account_association_unproven"",""unknown_continuation""],""evidence_refs"":[""https://kingdomfood.sg/captain-kim-korean-bbq-hotpot-tamp-j10/"",""tests/fixtures/coverage-batch-2/captainkim/details-1/78b3eb3f344239173d26bc6df0730d64b2716d055b7bf14bb7cdc6aba50b42e5.html"",""tests/fixtures/coverage-batch-2/captainkim/web-3/120959aa1afdd8b95bf2e8702eca6987a151423e90a2d5f189ed37fd900de10a.html"",""tests/fixtures/coverage-batch-2/captainkim/web-3/manifest.json""]},{""kind"":""merchant_web"",""platform"":null,""source_id"":""captain_kim_sg"",""account"":null,""operator"":""Kingdom Food Holding Pte Ltd"",""urls"":[""https://kingdomfood.sg/captain-kim-delivery/"",""https://kingdomfood.sg/captain-kim-korean-bbq-hotpot-tamp-j10/"",""https://kingdomfood.sg/captain-kim-korean-bbq-hotpot/""],""ownership"":""verified"",""enumeration"":""partial"",""extraction"":""partial"",""adapter"":""captain-kim"",""adapter_status"":""shadow"",""activation_status"":""shadow"",""stage"":""adapter_shadow"",""publication_enabled"":false,""auto_publish"":false,""autonomous_acquisition_enabled"":false,""review_incomplete_candidates"":false,""blockers"":[""captain_campaigns_outside_central_index"",""image_text_equivalence_unproven"",""venue_page_scope_requires_review""],""evidence_refs"":[""docs/changes/coverage-batch-2/research.md (captured official source boundaries, 2026-10-02)"",""docs/changes/coverage-batch-2/source-decisions.json"",""https://kingdomfood.sg/captain-kim-korean-bbq-hotpot-tamp-j10/"",""https://kingdomfood.sg/terms-of-use-privacy-policy/""]}]","shadow_only","adapter_shadow","false","website","false","false","resolve_web_enumeration","automated_access_permission_unestablished","[]","0","verified","partial","unknown","partial","shadow","captain_kim_sg","[""merchant_campaign_page""]","false","disabled_shadow","[""captain_campaigns_outside_central_index"",""image_text_equivalence_unproven"",""venue_page_scope_requires_review""]","[""docs/changes/coverage-batch-2/research.md (captured official source boundaries, 2026-10-02)"",""docs/changes/coverage-batch-2/source-decisions.json"",""https://kingdomfood.sg/captain-kim-korean-bbq-hotpot-tamp-j10/"",""https://kingdomfood.sg/terms-of-use-privacy-policy/"",""tests/corpus/mvp-conformance-reviewed.json#221f48b4-0362-4625-979f-7d3d88d38fcd"",""tests/corpus/mvp-conformance-reviewed.json#6089ff84-8ca2-4a52-94ae-2eedfb559977"",""tests/fixtures/coverage-batch-2/captainkim/details-1/78b3eb3f344239173d26bc6df0730d64b2716d055b7bf14bb7cdc6aba50b42e5.html"",""tests/fixtures/coverage-batch-2/captainkim/web-2/8b618ac5ee4da1c4aed92994bc4211cd7fd85eb47dd8658b7f590e15653640ef.html"",""tests/fixtures/coverage-batch-2/captainkim/web-3/120959aa1afdd8b95bf2e8702eca6987a151423e90a2d5f189ed37fd900de10a.html"",""tests/fixtures/coverage-batch-2/captainkim/web-3/6e650be7043e1984a739e8c9abfe268c782b3267bc47a2c871b144778d6e81c6.html"",""tests/fixtures/coverage-batch-2/captainkim/web-3/72684ad8295765a2e48a379c46a5293676a8e8193e48d00b2fbf8c6fcf8ec68b.html"",""tests/fixtures/coverage-batch-2/captainkim/web-4/362618d80fb209d4ff0b00d25921c5bc47999768960c4a3ae67e54f0c97e879c.html"",""tests/fixtures/coverage-batch-2/captainkim/web-4/c828383ee36c3e60926d4c9e6fa93f1277eb1ecc8fa69e892367c662ff386c0b.html""]","[]",""
"Carlton City","carltoncity","[""Carlton City""]","null","[]","1","1","[]","not_assessed","discovered","false","manual_research","false","false","assess_direct_source","no_captured_direct_source_assessment","[]","0","unknown","unknown","unknown","unknown","none","null","[]","false","not_onboarded","[""no_captured_direct_source_assessment""]","[""tests/corpus/mvp-conformance-reviewed.json#3d9ab8d3-aa2d-45c9-a79c-85ed2dbf22ff""]","[]",""
"Carnaby","carnaby","[""Carnaby""]","null","[]","1","1","[]","not_assessed","discovered","false","manual_research","false","false","assess_direct_source","no_captured_direct_source_assessment","[]","0","unknown","unknown","unknown","unknown","none","null","[]","false","not_onboarded","[""no_captured_direct_source_assessment""]","[""tests/corpus/mvp-conformance-reviewed.json#83ce8a4e-c439-40e3-84b0-2c391877708a""]","[]",""
"Casa Lola","casalola","[""Casa Lola""]","null","[]","1","1","[]","not_assessed","discovered","false","manual_research","false","false","assess_direct_source","no_captured_direct_source_assessment","[]","0","unknown","unknown","unknown","unknown","none","null","[]","false","not_onboarded","[""no_captured_direct_source_assessment""]","[""tests/corpus/mvp-conformance-reviewed.json#1ced405f-ffea-4933-a965-25b5fdbea0ea""]","[]",""
"Cavern Restaurant","cavernrestaurant","[""Cavern Restaurant""]","null","[]","1","1","[]","not_assessed","discovered","false","manual_research","false","false","assess_direct_source","no_captured_direct_source_assessment","[]","0","unknown","unknown","unknown","unknown","none","null","[]","false","not_onboarded","[""no_captured_direct_source_assessment""]","[""tests/corpus/mvp-conformance-reviewed.json#03b73280-dceb-4e8d-b88d-6b1b86938157""]","[]",""
"Central Plaza","centralplaza","[""Central Plaza""]","null","[]","1","1","[]","not_assessed","discovered","false","manual_research","false","false","assess_direct_source","no_captured_direct_source_assessment","[]","0","unknown","unknown","unknown","unknown","none","null","[]","false","not_onboarded","[""no_captured_direct_source_assessment""]","[""tests/corpus/mvp-conformance-reviewed.json#f5f63073-90c8-4173-84ae-91e5ecbafd61""]","[]",""
"CHAGEE","chagee","[""CHAGEE""]","null","[]","1","1","[]","not_assessed","discovered","false","manual_research","false","false","assess_direct_source","no_captured_direct_source_assessment","[]","0","unknown","unknown","unknown","unknown","none","null","[]","false","not_onboarded","[""no_captured_direct_source_assessment""]","[""tests/corpus/mvp-conformance-reviewed.json#b44d008a-6973-454c-a292-bfa183f1a511""]","[]",""
"Chateraise","chateraise","[""Chateraise""]","null","[]","1","1","[]","not_assessed","discovered","false","manual_research","false","false","assess_direct_source","no_captured_direct_source_assessment","[]","0","unknown","unknown","unknown","unknown","none","null","[]","false","not_onboarded","[""no_captured_direct_source_assessment""]","[""tests/corpus/mvp-conformance-reviewed.json#53664158-1ba2-4fa0-abc9-afdae3462fd1""]","[]",""
"Chinatown Tai Chong Kok","chinatowntaichongkok","[""Chinatown Tai Chong Kok""]","null","[]","1","1","[]","not_assessed","discovered","false","manual_research","false","false","assess_direct_source","no_captured_direct_source_assessment","[]","0","unknown","unknown","unknown","unknown","none","null","[]","false","not_onboarded","[""no_captured_direct_source_assessment""]","[""tests/corpus/mvp-conformance-reviewed.json#1488321c-a09f-4dc9-a265-1d1a820e1105""]","[]",""
"Chin Mee Chin","chinmeechin","[""Chin Mee Chin""]","null","[]","1","1","[]","not_assessed","discovered","false","manual_research","false","false","assess_direct_source","no_captured_direct_source_assessment","[]","0","unknown","unknown","unknown","unknown","none","null","[]","false","not_onboarded","[""no_captured_direct_source_assessment""]","[""tests/corpus/mvp-conformance-reviewed.json#4e023072-439c-4e67-a6c3-bafd3706f4d5""]","[]",""
"Chix Hot Chicken","chixhotchicken","[""Chix Hot Chicken""]","null","[]","1","1","[]","not_assessed","discovered","false","manual_research","false","false","assess_direct_source","no_captured_direct_source_assessment","[]","0","unknown","unknown","unknown","unknown","none","null","[]","false","not_onboarded","[""no_captured_direct_source_assessment""]","[""tests/corpus/mvp-conformance-reviewed.json#2d65e39d-8132-450a-b5a4-2a27d0bbd01b""]","[]",""
"Coffeehouse by Kobashi","coffeehousebykobashi","[""Coffeehouse by Kobashi""]","null","[]","1","1","[]","not_assessed","discovered","false","manual_research","false","false","assess_direct_source","no_captured_direct_source_assessment","[]","0","unknown","unknown","unknown","unknown","none","null","[]","false","not_onboarded","[""no_captured_direct_source_assessment""]","[""tests/corpus/mvp-conformance-reviewed.json#d675131a-734f-4580-a8c4-0fc91000f09d""]","[]",""
"Common Grill","commongrill","[""Common Grill""]","null","[]","1","1","[]","not_assessed","discovered","false","manual_research","false","false","assess_direct_source","no_captured_direct_source_assessment","[]","0","unknown","unknown","unknown","unknown","none","null","[]","false","not_onboarded","[""no_captured_direct_source_assessment""]","[""tests/corpus/mvp-conformance-reviewed.json#f7c6ab39-e564-4cf4-8ac0-cce33db718d2""]","[]",""
"CS Foods","csfoods","[""CS Foods""]","Chee Song Foods Pte Ltd","[""CS Foods""]","1","6","[{""kind"":""merchant_web"",""platform"":null,""source_id"":null,""account"":null,""operator"":""Chee Song Foods Pte Ltd"",""urls"":[""https://csfoods.sg/shop/beef/marinated-beef/cubes/japanese-black-pepper-beef-cubes/?utm_source=telegram&utm_medium=sep2026&utm_campaign=sgfooddeals"",""https://csfoods.sg/shop/beef/primary-cuts/umami-prime-beef-striploin/?utm_source=telegram&utm_medium=sep2026&utm_campaign=sgfooddeals"",""https://csfoods.sg/shop/finger-food/meat/freezepak-chicken-nuggets/?utm_source=telegram&utm_medium=sep2026&utm_campaign=sgfooddeals"",""https://csfoods.sg/shop/finger-food/potato/mccain-original-shoestring-6-6-mm-fries/?utm_source=telegram&utm_medium=sep2026&utm_campaign=sgfooddeals"",""https://csfoods.sg/shop/poultry/marinated-chicken-poultry/thigh-marinated-chicken-poultry/teriyaki-chicken-thigh/?utm_source=telegram&utm_medium=sep2026&utm_campaign=sgfooddeals"",""https://csfoods.sg/shop/ready-to-eat/ready-dishes/rendang-beef-ready-to-eat/?utm_source=telegram&utm_medium=sep2026&utm_campaign=sgfooddeals"",""https://csfoods.sg/unbeatable-halal-meat-sale/?utm_source=telegram&utm_medium=sep2026&utm_campaign=sgfooddeals""],""ownership"":""verified"",""enumeration"":""partial"",""extraction"":""not_assessed"",""adapter"":null,""adapter_status"":""none"",""activation_status"":""blocked"",""stage"":""blocked"",""publication_enabled"":false,""auto_publish"":false,""autonomous_acquisition_enabled"":false,""review_incomplete_candidates"":false,""blockers"":[""access_blocked"",""campaign_validity_unavailable"",""sale_catalogue_not_complete_campaign_enumeration""],""evidence_refs"":[""docs/changes/direct-source-batch-1/research-ledger.json"",""docs/changes/direct-source-batch-1/research.md""]}]","blocked","blocked","false","blocked","false","false","blocked_no_safe_public_source","access_blocked","[""csfoods.sg""]","7","verified","partial","partial","mixed","none","null","[""woocommerce_sale_catalog""]","false","not_onboarded","[""access_blocked"",""campaign_validity_unavailable"",""sale_catalogue_not_complete_campaign_enumeration""]","["".local/direct-source-audit/2026-09-30T14-13-48-529Z/audit.json#10937de2b54be746d95225239f036bc6933bd5a1c7f86dae523664ebd057b91e"","".local/direct-source-audit/2026-09-30T14-13-48-529Z/audit.json#2a4063e80e10ac9ce4445b388400e72b2a080fae9113b9427faf7739aecdad29"","".local/direct-source-audit/2026-09-30T14-13-48-529Z/audit.json#2efd4077f412c100b3c53f36108b1f76ae4414542cf199da2c66e18361e1cc43"","".local/direct-source-audit/2026-09-30T14-13-48-529Z/audit.json#4774ad76672db2bcb5a529e2e934ace34e4d95dc8f65a0ce90b61f52e2c431ed"","".local/direct-source-audit/2026-09-30T14-13-48-529Z/audit.json#bc858af4cc66b3b32ad18abadb5f60158a947819655d5298f1aeb269c9e35262"","".local/direct-source-audit/2026-09-30T14-13-48-529Z/audit.json#d1986fc908c9ec9e012b7a576587e2396b381c1843c6684a17845cbbcb6cc8f2"","".local/source-origin-audit/2026-09-30-social-corrected-offline/signals.json#10937de2b54be746d95225239f036bc6933bd5a1c7f86dae523664ebd057b91e"","".local/source-origin-audit/2026-09-30-social-corrected-offline/signals.json#2a4063e80e10ac9ce4445b388400e72b2a080fae9113b9427faf7739aecdad29"","".local/source-origin-audit/2026-09-30-social-corrected-offline/signals.json#2efd4077f412c100b3c53f36108b1f76ae4414542cf199da2c66e18361e1cc43"","".local/source-origin-audit/2026-09-30-social-corrected-offline/signals.json#4774ad76672db2bcb5a529e2e934ace34e4d95dc8f65a0ce90b61f52e2c431ed"","".local/source-origin-audit/2026-09-30-social-corrected-offline/signals.json#bc858af4cc66b3b32ad18abadb5f60158a947819655d5298f1aeb269c9e35262"","".local/source-origin-audit/2026-09-30-social-corrected-offline/signals.json#d1986fc908c9ec9e012b7a576587e2396b381c1843c6684a17845cbbcb6cc8f2"",""/Users/louis/Documents/Projects/vibe coding/PromotionAroundYou/.local/direct-source-audit/2026-09-30-captured-evidence/reviewed-evidence-final.json#candidate-02"",""/Users/louis/Documents/Projects/vibe coding/PromotionAroundYou/.local/direct-source-audit/2026-09-30-captured-evidence/reviewed-evidence-final.json#candidate-03"",""/Users/louis/Documents/Projects/vibe coding/PromotionAroundYou/.local/direct-source-audit/2026-09-30-captured-evidence/reviewed-evidence-final.json#candidate-04"",""/Users/louis/Documents/Projects/vibe coding/PromotionAroundYou/.local/direct-source-audit/2026-09-30-captured-evidence/reviewed-evidence-final.json#candidate-05"",""/Users/louis/Documents/Projects/vibe coding/PromotionAroundYou/.local/direct-source-audit/2026-09-30-captured-evidence/reviewed-evidence-final.json#candidate-06"",""/Users/louis/Documents/Projects/vibe coding/PromotionAroundYou/.local/direct-source-audit/2026-09-30-captured-evidence/reviewed-evidence-final.json#candidate-07"",""/Users/louis/Documents/Projects/vibe coding/PromotionAroundYou/.local/direct-source-audit/2026-09-30-captured-evidence/reviewed-evidence-final.json#candidate-08"",""docs/changes/direct-source-batch-1/research-ledger.json"",""docs/changes/direct-source-batch-1/research.md"",""https://csfoods.sg/shop/beef/marinated-beef/cubes/japanese-black-pepper-beef-cubes/?utm_source=telegram&utm_medium=sep2026&utm_campaign=sgfooddeals"",""https://csfoods.sg/shop/beef/primary-cuts/umami-prime-beef-striploin/?utm_source=telegram&utm_medium=sep2026&utm_campaign=sgfooddeals"",""https://csfoods.sg/shop/finger-food/meat/freezepak-chicken-nuggets/?utm_source=telegram&utm_medium=sep2026&utm_campaign=sgfooddeals"",""https://csfoods.sg/shop/finger-food/potato/mccain-original-shoestring-6-6-mm-fries/?utm_source=telegram&utm_medium=sep2026&utm_campaign=sgfooddeals"",""https://csfoods.sg/shop/poultry/marinated-chicken-poultry/thigh-marinated-chicken-poultry/teriyaki-chicken-thigh/?utm_source=telegram&utm_medium=sep2026&utm_campaign=sgfooddeals"",""https://csfoods.sg/shop/ready-to-eat/ready-dishes/rendang-beef-ready-to-eat/?utm_source=telegram&utm_medium=sep2026&utm_campaign=sgfooddeals"",""https://csfoods.sg/unbeatable-halal-meat-sale/?utm_source=telegram&utm_medium=sep2026&utm_campaign=sgfooddeals""]","[{""candidate_url"":""https://csfoods.sg/shop/beef/marinated-beef/cubes/japanese-black-pepper-beef-cubes/?utm_source=telegram&utm_medium=sep2026&utm_campaign=sgfooddeals"",""domain"":""csfoods.sg"",""ownership_status"":""probable"",""enumerable"":""partial"",""extraction"":""inaccessible"",""family"":""woocommerce_sale_catalog"",""app_findings"":null},{""candidate_url"":""https://csfoods.sg/shop/beef/primary-cuts/umami-prime-beef-striploin/?utm_source=telegram&utm_medium=sep2026&utm_campaign=sgfooddeals"",""domain"":""csfoods.sg"",""ownership_status"":""probable"",""enumerable"":""partial"",""extraction"":""inaccessible"",""family"":""woocommerce_sale_catalog"",""app_findings"":null},{""candidate_url"":""https://csfoods.sg/shop/finger-food/meat/freezepak-chicken-nuggets/?utm_source=telegram&utm_medium=sep2026&utm_campaign=sgfooddeals"",""domain"":""csfoods.sg"",""ownership_status"":""probable"",""enumerable"":""partial"",""extraction"":""inaccessible"",""family"":""woocommerce_sale_catalog"",""app_findings"":null},{""candidate_url"":""https://csfoods.sg/shop/finger-food/potato/mccain-original-shoestring-6-6-mm-fries/?utm_source=telegram&utm_medium=sep2026&utm_campaign=sgfooddeals"",""domain"":""csfoods.sg"",""ownership_status"":""probable"",""enumerable"":""partial"",""extraction"":""inaccessible"",""family"":""woocommerce_sale_catalog"",""app_findings"":null},{""candidate_url"":""https://csfoods.sg/shop/poultry/marinated-chicken-poultry/thigh-marinated-chicken-poultry/teriyaki-chicken-thigh/?utm_source=telegram&utm_medium=sep2026&utm_campaign=sgfooddeals"",""domain"":""csfoods.sg"",""ownership_status"":""probable"",""enumerable"":""partial"",""extraction"":""inaccessible"",""family"":""woocommerce_sale_catalog"",""app_findings"":null},{""candidate_url"":""https://csfoods.sg/shop/ready-to-eat/ready-dishes/rendang-beef-ready-to-eat/?utm_source=telegram&utm_medium=sep2026&utm_campaign=sgfooddeals"",""domain"":""csfoods.sg"",""ownership_status"":""probable"",""enumerable"":""partial"",""extraction"":""structured"",""family"":""woocommerce_sale_catalog"",""app_findings"":null},{""candidate_url"":""https://csfoods.sg/unbeatable-halal-meat-sale/?utm_source=telegram&utm_medium=sep2026&utm_campaign=sgfooddeals"",""domain"":""csfoods.sg"",""ownership_status"":""probable"",""enumerable"":""partial"",""extraction"":""semi_structured"",""family"":""woocommerce_sale_catalog"",""app_findings"":null}]",""
"Dancing Crab","dancingcrab","[""Dancing Crab""]","null","[]","1","1","[]","not_assessed","discovered","false","manual_research","false","false","assess_direct_source","no_captured_direct_source_assessment","[]","0","unknown","unknown","unknown","unknown","none","null","[]","false","not_onboarded","[""no_captured_direct_source_assessment""]","[""tests/corpus/mvp-conformance-reviewed.json#918bb79c-4aec-44c8-833a-fb39f3182e33""]","[]",""
"Daya Izakaya","dayaizakaya","[""Daya Izakaya""]","null","[]","1","1","[]","not_assessed","discovered","false","manual_research","false","false","assess_direct_source","no_captured_direct_source_assessment","[]","0","unknown","unknown","unknown","unknown","none","null","[]","false","not_onboarded","[""no_captured_direct_source_assessment""]","[""tests/corpus/mvp-conformance-reviewed.json#77015c59-a8a3-426a-a494-7fbe4e7b1898""]","[]",""
"D'Cuisine","dcuisine","[""D'Cuisine""]","null","[]","1","1","[{""kind"":""merchant_social"",""platform"":""tiktok"",""source_id"":null,""account"":""dcuisines.restaurant"",""operator"":null,""urls"":[""https://www.tiktok.com/@dcuisines.restaurant/photo/7676695985245981960?is_from_webapp=1&sender_device=pc&utm_source=telegram&utm_medium=sep2026&utm_campaign=sgfooddeals""],""ownership"":""unverified"",""enumeration"":""not_assessed"",""extraction"":""not_assessed"",""adapter"":null,""adapter_status"":""none"",""activation_status"":""candidate"",""stage"":""discovered"",""publication_enabled"":false,""auto_publish"":false,""autonomous_acquisition_enabled"":false,""review_incomplete_candidates"":false,""blockers"":[""ownership_unverified""],""evidence_refs"":[]}]","source_candidate","discovered","false","tiktok","false","false","verify_tiktok_ownership","ownership_unverified","[]","0","unknown","unknown","unknown","unknown","none","null","[]","false","not_onboarded","[""no_captured_direct_source_assessment""]","["".local/source-origin-audit/2026-09-30-social-corrected-offline/signals.json#f27a1414fc5e8120f9d0dc8ff3e82e13dca03bbdfed6be93e18eab9549c8bf6b""]","[]",""
"Dian Xiao Er","dianxiaoer","[""Dian Xiao Er""]","Dian Xiao Er (legal operator not independently established)","[""Dian Xiao Er""]","2","2","[{""kind"":""merchant_web"",""platform"":null,""source_id"":""dian_xiao_er_sg"",""account"":null,""operator"":""Dian Xiao Er (legal operator not independently established)"",""urls"":[""https://www.dianxiaoer.com.sg/promo""],""ownership"":""probable"",""enumeration"":""partial"",""extraction"":""not_assessed"",""adapter"":""dian-xiao-er"",""adapter_status"":""shadow"",""activation_status"":""shadow"",""stage"":""adapter_shadow"",""publication_enabled"":false,""auto_publish"":false,""autonomous_acquisition_enabled"":false,""review_incomplete_candidates"":false,""blockers"":[""image_only_campaign_facts"",""lightbox_mapping_unresolved"",""ownership_unverified"",""partial_enumeration""],""evidence_refs"":[""docs/changes/direct-source-batch-1/research.md"",""docs/changes/direct-source-batch-1/research.md (contact/copyright and membership pages do not independently establish legal ownership)"",""https://www.dianxiaoer.com.sg/"",""https://www.dianxiaoer.com.sg/membership"",""tests/fixtures/direct-sources/dian-xiao-er/manifest.json""]}]","shadow_only","adapter_shadow","false","website","false","false","resolve_web_enumeration","image_only_campaign_facts","[""dianxiaoer.com.sg""]","1","probable","partial","partial","image_only","shadow","dian_xiao_er_sg","[""wix_promotion_collection""]","false","disabled_shadow","[""image_only_campaign_facts"",""lightbox_mapping_unresolved"",""ownership_unverified"",""partial_enumeration""]","["".local/direct-source-audit/2026-09-30T14-13-48-529Z/audit.json#9e1694c30a20e0c67588124c25742de9893c2402806d2aa9e23877d4feb40e4f"","".local/source-origin-audit/2026-09-30-social-corrected-offline/signals.json#9e1694c30a20e0c67588124c25742de9893c2402806d2aa9e23877d4feb40e4f"",""/Users/louis/Documents/Projects/vibe coding/PromotionAroundYou/.local/direct-source-audit/2026-09-30-captured-evidence/reviewed-evidence-final.json#candidate-10"",""docs/changes/direct-source-batch-1/research.md"",""docs/changes/direct-source-batch-1/research.md (contact/copyright and membership pages do not independently establish legal ownership)"",""https://www.dianxiaoer.com.sg/"",""https://www.dianxiaoer.com.sg/membership"",""https://www.dianxiaoer.com.sg/promo?lightbox=dataItem-msxym06a&utm_source=telegram&utm_medium=sep2026&utm_campaign=sgfooddeals"",""tests/corpus/mvp-conformance-reviewed.json#f28a2970-bb28-44e2-b7ac-27a961d0ba96"",""tests/fixtures/direct-sources/dian-xiao-er/manifest.json""]","[{""candidate_url"":""https://www.dianxiaoer.com.sg/promo?lightbox=dataItem-msxym06a&utm_source=telegram&utm_medium=sep2026&utm_campaign=sgfooddeals"",""domain"":""dianxiaoer.com.sg"",""ownership_status"":""probable"",""enumerable"":""partial"",""extraction"":""image_only"",""family"":""wix_promotion_collection"",""app_findings"":null}]",""
"Dill","dill","[""Dill""]","null","[]","1","1","[]","not_assessed","discovered","false","manual_research","false","false","assess_direct_source","no_captured_direct_source_assessment","[]","0","unknown","unknown","unknown","unknown","none","null","[]","false","not_onboarded","[""no_captured_direct_source_assessment""]","[""tests/corpus/mvp-conformance-reviewed.json#25f1d495-0d8a-4383-98b6-279d861a7a97""]","[]",""
"Din Tai Fung","dintaifung","[""Din Tai Fung""]","null","[]","1","1","[]","not_assessed","discovered","false","manual_research","false","false","assess_direct_source","no_captured_direct_source_assessment","[]","0","unknown","unknown","unknown","unknown","none","null","[]","false","not_onboarded","[""no_captured_direct_source_assessment""]","[""tests/corpus/mvp-conformance-reviewed.json#67b0a0e9-d609-416d-bc87-829f61f52f99""]","[]",""
"Domino’s","dominos","[""Domino’s""]","null","[]","1","1","[]","not_assessed","discovered","false","manual_research","false","false","assess_direct_source","no_captured_direct_source_assessment","[]","0","unknown","unknown","unknown","unknown","none","null","[]","false","not_onboarded","[""no_captured_direct_source_assessment""]","[""tests/corpus/mvp-conformance-reviewed.json#2b603246-7ae9-4da9-9713-6a5fc41d7e2b""]","[]",""
"dorra Slimming","dorraslimming","[""dorra Slimming""]","null","[]","1","1","[]","not_assessed","discovered","false","manual_research","false","false","assess_direct_source","no_captured_direct_source_assessment","[]","0","unknown","unknown","unknown","unknown","none","null","[]","false","not_onboarded","[""no_captured_direct_source_assessment""]","[""tests/corpus/mvp-conformance-reviewed.json#6f272408-4e1b-413d-9a3b-6f14810209d0""]","[]",""
"Estiatorio Milos","estiatoriomilos","[""Estiatorio Milos""]","null","[]","1","1","[]","not_assessed","discovered","false","manual_research","false","false","assess_direct_source","no_captured_direct_source_assessment","[]","0","unknown","unknown","unknown","unknown","none","null","[]","false","not_onboarded","[""no_captured_direct_source_assessment""]","[""tests/corpus/mvp-conformance-reviewed.json#8281b82f-278f-4dcf-869a-d1957cdc61db""]","[]",""
"FairPrice","fairprice","[""FairPrice""]","NTUC FairPrice Co-operative Limited","[""FairPrice Group""]","1","1","[{""kind"":""merchant_web"",""platform"":null,""source_id"":""fairprice_sg"",""account"":null,""operator"":""NTUC FairPrice Co-operative Limited"",""urls"":[""https://www.fairprice.com.sg/weekly-promotions""],""ownership"":""verified"",""enumeration"":""partial"",""extraction"":""not_assessed"",""adapter"":""fairprice"",""adapter_status"":""shadow"",""activation_status"":""shadow"",""stage"":""adapter_shadow"",""publication_enabled"":false,""auto_publish"":false,""autonomous_acquisition_enabled"":false,""review_incomplete_candidates"":false,""blockers"":[""catalogue_detail_facts_unavailable"",""catalogue_product_set_unresolved"",""partial_enumeration"",""physical_participation_unresolved""],""evidence_refs"":[""docs/changes/direct-source-batch-1/research.md"",""docs/changes/direct-source-batch-1/research.md (official terms identify the exact service website; direct legal-page 403 retained, no bypass)"",""https://help.fairprice.com.sg/hc/en-us/articles/360025882372-Terms-Conditions"",""tests/fixtures/direct-sources/fairprice/manifest.json""]}]","shadow_only","adapter_shadow","false","website","false","false","resolve_web_enumeration","catalogue_detail_facts_unavailable","[""fairprice.com.sg""]","1","verified","partial","partial","semi_structured","shadow","fairprice_sg","[""json_backed_retail_promotions""]","false","disabled_shadow","[""catalogue_detail_facts_unavailable"",""catalogue_product_set_unresolved"",""partial_enumeration"",""physical_participation_unresolved""]","["".local/direct-source-audit/2026-09-30T14-13-48-529Z/audit.json#5779b409051cab6a235b851e1c643a18d1a1777235416d9944c0bb8e903dde1c"","".local/source-origin-audit/2026-09-30-social-corrected-offline/signals.json#5779b409051cab6a235b851e1c643a18d1a1777235416d9944c0bb8e903dde1c"",""/Users/louis/Documents/Projects/vibe coding/PromotionAroundYou/.local/direct-source-audit/2026-09-30-captured-evidence/reviewed-evidence-final.json#candidate-12"",""docs/changes/direct-source-batch-1/research.md"",""docs/changes/direct-source-batch-1/research.md (official terms identify the exact service website; direct legal-page 403 retained, no bypass)"",""https://help.fairprice.com.sg/hc/en-us/articles/360025882372-Terms-Conditions"",""https://www.fairprice.com.sg/product/13137742?utm_source=telegram&utm_medium=sep2026&utm_campaign=sgfooddeals"",""tests/fixtures/direct-sources/fairprice/manifest.json""]","[{""candidate_url"":""https://www.fairprice.com.sg/product/13137742?utm_source=telegram&utm_medium=sep2026&utm_campaign=sgfooddeals"",""domain"":""fairprice.com.sg"",""ownership_status"":""verified"",""enumerable"":""partial"",""extraction"":""semi_structured"",""family"":""json_backed_retail_promotions"",""app_findings"":null}]",""
"FAME by Dad's Corner","famebydadscorner","[""FAME by Dad's Corner"",""Fame by Dads Corner""]","null","[]","2","2","[]","not_assessed","discovered","false","manual_research","false","false","assess_direct_source","no_captured_direct_source_assessment","[]","0","unknown","unknown","unknown","unknown","none","null","[]","false","not_onboarded","[""no_captured_direct_source_assessment""]","[""tests/corpus/mvp-conformance-reviewed.json#302f3489-c49b-4b5a-8189-35e04291f4a9"",""tests/corpus/mvp-conformance-reviewed.json#6fadd6cc-a819-4f7e-a117-21d71f2f01bf""]","[]",""
"Family Mookata","familymookata","[""Family Mookata""]","null","[]","1","1","[]","not_assessed","discovered","false","manual_research","false","false","assess_direct_source","no_captured_direct_source_assessment","[]","0","unknown","unknown","unknown","unknown","none","null","[]","false","not_onboarded","[""no_captured_direct_source_assessment""]","[""tests/corpus/mvp-conformance-reviewed.json#2d17ab24-d00e-494b-a70c-e9f9639a5b69""]","[]",""
"Fangko House","fangkohouse","[""Fangko House""]","null","[]","1","1","[]","not_assessed","discovered","false","manual_research","false","false","assess_direct_source","no_captured_direct_source_assessment","[]","0","unknown","unknown","unknown","unknown","none","null","[]","false","not_onboarded","[""no_captured_direct_source_assessment""]","[""tests/corpus/mvp-conformance-reviewed.json#10ea2f04-920f-4f2d-9473-f9709c6553fd""]","[]",""
"foodpanda","foodpanda","[""foodpanda""]","null","[]","1","1","[]","not_assessed","discovered","false","manual_research","false","false","assess_direct_source","no_captured_direct_source_assessment","[]","0","unknown","unknown","unknown","unknown","none","null","[]","false","not_onboarded","[""no_captured_direct_source_assessment""]","[""tests/corpus/mvp-conformance-reviewed.json#8ba3a2b4-62a3-470f-bb0f-6ab040b80b3f""]","[]",""
"Gelare","gelare","[""Gelare""]","Gelare Singapore (local legal operator unverified)","[]","1","3","[{""kind"":""merchant_social"",""platform"":""instagram"",""source_id"":null,""account"":""gelaresg"",""operator"":null,""urls"":[""https://www.instagram.com/gelaresg/""],""ownership"":""verified"",""enumeration"":""blocked"",""extraction"":""not_assessed"",""adapter"":null,""adapter_status"":""none"",""activation_status"":""blocked"",""stage"":""blocked"",""publication_enabled"":false,""auto_publish"":false,""autonomous_acquisition_enabled"":false,""review_incomplete_candidates"":false,""blockers"":[""automated_access_permission_unestablished"",""bounded_feed_boundary_unproven"",""post_account_association_unproven"",""unknown_continuation""],""evidence_refs"":[""https://www.gelare.com.sg/"",""tests/fixtures/coverage-batch-2/gelare/social-1/664aad7a1e6a49b9198d5cc8bcc8f2d2c1cfc32cd2d14adca24d1fd9885c9584.html"",""tests/fixtures/coverage-batch-2/gelare/web-2/58c4fd4a7dc4ccb4b22d6abf02312418422ce7a72e6f5b056c59eb7b45e01ba8.html"",""tests/fixtures/coverage-batch-2/gelare/web-2/manifest.json""]},{""kind"":""merchant_web"",""platform"":null,""account"":null,""source_id"":null,""operator"":""Gelare Singapore (local legal operator unverified)"",""urls"":[""https://www.gelare.com.sg/"",""https://www.gelare.com.sg/contact-us/"",""https://www.gelare.com.sg/our-story/"",""https://www.gelare.com.sg/promotions/""],""ownership"":""verified"",""enumeration"":""gallery_visible"",""extraction"":""image_only"",""adapter"":null,""adapter_status"":""none"",""activation_status"":""blocked"",""stage"":""blocked"",""publication_enabled"":false,""auto_publish"":false,""autonomous_acquisition_enabled"":false,""review_incomplete_candidates"":false,""blockers"":[""image_only_campaign_facts"",""opaque_gallery_titles"",""safe_textual_acquisition_unavailable""],""evidence_refs"":[""tests/fixtures/coverage-batch-2/gelare/social-1/664aad7a1e6a49b9198d5cc8bcc8f2d2c1cfc32cd2d14adca24d1fd9885c9584.html"",""tests/fixtures/coverage-batch-2/gelare/web-2/021a0465574a275cabfdb890ad4330f5d3a9610e82b6e6b65859df83eb428be6.html"",""tests/fixtures/coverage-batch-2/gelare/web-2/58c4fd4a7dc4ccb4b22d6abf02312418422ce7a72e6f5b056c59eb7b45e01ba8.html"",""tests/fixtures/coverage-batch-2/gelare/web-3/6eebb53518573136c6321ab1ad517341856f15e21eb175035c3155e258113bab.html"",""tests/fixtures/coverage-batch-2/gelare/web-3/abfa93a7edfe21f1234a8ac19a9cd13046725a1df4274e43574aa92715ec89ea.html""]}]","blocked","blocked","false","blocked","false","false","blocked_no_safe_public_source","automated_access_permission_unestablished","[]","0","verified","gallery_visible","unknown","image_only","none","null","[""wordpress_promotion_directory""]","false","not_onboarded","[""image_only_campaign_facts"",""opaque_gallery_titles"",""safe_textual_acquisition_unavailable""]","[""tests/corpus/mvp-conformance-reviewed.json#8c32e550-7180-4d71-8c71-59263a272372"",""tests/fixtures/coverage-batch-2/gelare/social-1/664aad7a1e6a49b9198d5cc8bcc8f2d2c1cfc32cd2d14adca24d1fd9885c9584.html"",""tests/fixtures/coverage-batch-2/gelare/web-2/021a0465574a275cabfdb890ad4330f5d3a9610e82b6e6b65859df83eb428be6.html"",""tests/fixtures/coverage-batch-2/gelare/web-2/58c4fd4a7dc4ccb4b22d6abf02312418422ce7a72e6f5b056c59eb7b45e01ba8.html"",""tests/fixtures/coverage-batch-2/gelare/web-3/6eebb53518573136c6321ab1ad517341856f15e21eb175035c3155e258113bab.html"",""tests/fixtures/coverage-batch-2/gelare/web-3/abfa93a7edfe21f1234a8ac19a9cd13046725a1df4274e43574aa92715ec89ea.html""]","[]",""
"Genki Sushi","genkisushi","[""Genki Sushi""]","null","[]","1","1","[]","not_assessed","discovered","false","manual_research","false","false","assess_direct_source","no_captured_direct_source_assessment","[]","0","unknown","unknown","unknown","unknown","none","null","[]","false","not_onboarded","[""no_captured_direct_source_assessment""]","[""tests/corpus/mvp-conformance-reviewed.json#d2787696-c507-4835-b3f3-bb485e8247c8""]","[]",""
"Good Combo Hotpot & BBQ","goodcombohotpotbbq","[""Good Combo Hotpot & BBQ""]","null","[]","1","1","[]","not_assessed","discovered","false","manual_research","false","false","assess_direct_source","no_captured_direct_source_assessment","[]","0","unknown","unknown","unknown","unknown","none","null","[]","false","not_onboarded","[""no_captured_direct_source_assessment""]","[""tests/corpus/mvp-conformance-reviewed.json#a1869bc5-2ae2-4113-afb0-46c293250cd9""]","[]",""
"Gourmet Carousel","gourmetcarousel","[""Gourmet Carousel""]","Royal Plaza on Scotts","[""Royal Plaza on Scotts""]","1","1","[{""kind"":""merchant_web"",""platform"":null,""source_id"":""gourmet_carousel_sg"",""account"":null,""operator"":""Royal Plaza on Scotts"",""urls"":[""https://www.royalplaza.com.sg/dine/barista"",""https://www.royalplaza.com.sg/dine/offers""],""ownership"":""verified"",""enumeration"":""partial"",""extraction"":""not_assessed"",""adapter"":""gourmet-carousel"",""adapter_status"":""shadow"",""activation_status"":""shadow"",""stage"":""adapter_shadow"",""publication_enabled"":false,""auto_publish"":false,""autonomous_acquisition_enabled"":false,""review_incomplete_candidates"":false,""blockers"":[""gourmet_service_boundary_unproven"",""partial_enumeration"",""service_page_campaign_outside_listing""],""evidence_refs"":[""docs/changes/gourmet-carousel-direct-source/research.md; tests/fixtures/direct-sources/gourmet-carousel/ownership.json (independent operator/domain declaration and separate Gourmet Carousel Barista venue evidence, 2026-10-01)"",""docs/changes/gourmet-carousel-direct-source/verification.md"",""https://www.royalplaza.com.sg/dine/barista"",""https://www.royalplaza.com.sg/policies/privacy-policy"",""tests/fixtures/direct-sources/gourmet-carousel/research-2026-10-01/capture-provenance.json""]}]","shadow_only","adapter_shadow","false","website","false","false","resolve_web_enumeration","gourmet_service_boundary_unproven","[""royalplaza.com.sg""]","1","verified","partial","partial","semi_structured","shadow","gourmet_carousel_sg","[""corporate_html_promotion_directory""]","false","disabled_shadow","[""gourmet_service_boundary_unproven"",""partial_enumeration"",""service_page_campaign_outside_listing""]","["".local/direct-source-audit/2026-09-30T14-13-48-529Z/audit.json#2c4a2a34b21c820e8c6fd1d1bdae8cd968f8982fc73f9519c08dbf2e51fb483d"","".local/source-origin-audit/2026-09-30-social-corrected-offline/signals.json#2c4a2a34b21c820e8c6fd1d1bdae8cd968f8982fc73f9519c08dbf2e51fb483d"",""/Users/louis/Documents/Projects/vibe coding/PromotionAroundYou/.local/direct-source-audit/2026-09-30-captured-evidence/reviewed-evidence-final.json#candidate-00"",""docs/changes/gourmet-carousel-direct-source/research.md; tests/fixtures/direct-sources/gourmet-carousel/ownership.json (independent operator/domain declaration and separate Gourmet Carousel Barista venue evidence, 2026-10-01)"",""docs/changes/gourmet-carousel-direct-source/verification.md"",""https://www.royalplaza.com.sg/dine/barista"",""https://www.royalplaza.com.sg/dine/barista?utm_source=telegram&utm_medium=sep2026&utm_campaign=sgfooddeals"",""https://www.royalplaza.com.sg/policies/privacy-policy"",""tests/fixtures/direct-sources/gourmet-carousel/research-2026-10-01/capture-provenance.json""]","[{""candidate_url"":""https://www.royalplaza.com.sg/dine/barista?utm_source=telegram&utm_medium=sep2026&utm_campaign=sgfooddeals"",""domain"":""royalplaza.com.sg"",""ownership_status"":""verified"",""enumerable"":""partial"",""extraction"":""semi_structured"",""family"":""corporate_html_promotion_directory"",""app_findings"":null}]",""
"Grab","grab","[""Grab""]","null","[""Grab""]","1","1","[{""kind"":""issuer_platform"",""platform"":null,""source_id"":null,""account"":null,""operator"":null,""urls"":[""https://www.grab.com/sg/full-house-mission/?af_force_deeplink=true&af_ad=ESGJalanBesar-SGFoodDeals&c=SG_NA_PAX_GF_AW-CONV_LOC__DineOut_NA_ESGJalanBesar-SGFoodDeals&pid=telegram-organic&is_retargeting=true&deep_link_value=grab%3A%2F%2Fopen%3FscreenType%3DSANDBOX%26sandboxDeepLinkUrl%3Dpages%2FDPG-9134db80-a1bc-11f1-a14f-7765dba32ff2%26sourceID%3Dtele_organic%26sourceCampaignName%3DESG-JB&af_sub5=social-paid&af_dp=grab%3A%2F%2Fopen%3FscreenType%3DSANDBOX%26sandboxDeepLinkUrl%3Dpages%2FDPG-9134db80-a1bc-11f1-a14f-7765dba32ff2%26sourceID%3Dtele_organic%26sourceCampaignName%3DESG-JB""],""ownership"":""verified"",""enumeration"":""no"",""extraction"":""semi_structured"",""adapter"":null,""adapter_status"":""none"",""activation_status"":""candidate"",""stage"":""ownership_verified"",""publication_enabled"":false,""auto_publish"":false,""autonomous_acquisition_enabled"":false,""review_incomplete_candidates"":false,""blockers"":[""Distinct deal sections have different terms/validity; no merged universal offer"",""Participating outlet details remain app-dependent"",""Stable sandbox campaign path from chain is not an enumeration endpoint""],""evidence_refs"":[""/Users/louis/Documents/Projects/vibe coding/PromotionAroundYou/.local/direct-source-audit/2026-09-30-captured-evidence/reviewed-evidence-final.json#candidate-15"",""https://www.grab.com/sg/full-house-mission/?af_force_deeplink=true&af_ad=ESGJalanBesar-SGFoodDeals&c=SG_NA_PAX_GF_AW-CONV_LOC__DineOut_NA_ESGJalanBesar-SGFoodDeals&pid=telegram-organic&is_retargeting=true&deep_link_value=grab%3A%2F%2Fopen%3FscreenType%3DSANDBOX%26sandboxDeepLinkUrl%3Dpages%2FDPG-9134db80-a1bc-11f1-a14f-7765dba32ff2%26sourceID%3Dtele_organic%26sourceCampaignName%3DESG-JB&af_sub5=social-paid&af_dp=grab%3A%2F%2Fopen%3FscreenType%3DSANDBOX%26sandboxDeepLinkUrl%3Dpages%2FDPG-9134db80-a1bc-11f1-a14f-7765dba32ff2%26sourceID%3Dtele_organic%26sourceCampaignName%3DESG-JB""]}]","source_candidate","ownership_verified","false","website","false","false","resolve_outlet_authority","Distinct deal sections have different terms/validity; no merged universal offer","[""grab.com""]","2","verified","no","no","mixed","none","null","[""platform_static_campaign""]","false","not_onboarded","[""Distinct deal sections have different terms/validity; no merged universal offer"",""Image-led campaign; no OCR"",""No independent issuer/platform promotion directory proven by sample"",""Observed app campaignLandingID=17424 is identity evidence, not public enumerable API"",""Participating outlet details remain app-dependent"",""Stable sandbox campaign path from chain is not an enumeration endpoint""]","["".local/direct-source-audit/2026-09-30T14-13-48-529Z/audit.json#2df55031cdf4f9736301792cc91a158f48300f605f3e9e3460d66136d3a994f3"","".local/direct-source-audit/2026-09-30T14-13-48-529Z/audit.json#7cdb34f2922a8a3ac98828bacbe5f806c395e162031a9653e62efda0000b52a1"","".local/source-origin-audit/2026-09-30-social-corrected-offline/signals.json#7cdb34f2922a8a3ac98828bacbe5f806c395e162031a9653e62efda0000b52a1"",""/Users/louis/Documents/Projects/vibe coding/PromotionAroundYou/.local/direct-source-audit/2026-09-30-captured-evidence/reviewed-evidence-final.json#candidate-13"",""/Users/louis/Documents/Projects/vibe coding/PromotionAroundYou/.local/direct-source-audit/2026-09-30-captured-evidence/reviewed-evidence-final.json#candidate-15"",""https://www.grab.com/sg/full-house-mission/?af_force_deeplink=true&af_ad=ESGJalanBesar-SGFoodDeals&c=SG_NA_PAX_GF_AW-CONV_LOC__DineOut_NA_ESGJalanBesar-SGFoodDeals&pid=telegram-organic&is_retargeting=true&deep_link_value=grab%3A%2F%2Fopen%3FscreenType%3DSANDBOX%26sandboxDeepLinkUrl%3Dpages%2FDPG-9134db80-a1bc-11f1-a14f-7765dba32ff2%26sourceID%3Dtele_organic%26sourceCampaignName%3DESG-JB&af_sub5=social-paid&af_dp=grab%3A%2F%2Fopen%3FscreenType%3DSANDBOX%26sandboxDeepLinkUrl%3Dpages%2FDPG-9134db80-a1bc-11f1-a14f-7765dba32ff2%26sourceID%3Dtele_organic%26sourceCampaignName%3DESG-JB"",""https://www.grab.com/sg/grab-salebration/?pid=EDM&c=SG_NA_PAX_GF_AW-CONV_LOC__MegaSale-GF_NA_MegaSale-GF&is_retargeting=true&af_dp=grab%3A%2F%2Fopen%3FscreenType%3DGRABFOOD%26campaignLandingID%3D17424%26headerColor%3D0B54A8%26headerSize%3Dmedium&af_force_deeplink=true&af_sub5=edm&af_ad=MegaSale-GF""]","[{""candidate_url"":""https://www.grab.com/sg/full-house-mission/?af_force_deeplink=true&af_ad=ESGJalanBesar-SGFoodDeals&c=SG_NA_PAX_GF_AW-CONV_LOC__DineOut_NA_ESGJalanBesar-SGFoodDeals&pid=telegram-organic&is_retargeting=true&deep_link_value=grab%3A%2F%2Fopen%3FscreenType%3DSANDBOX%26sandboxDeepLinkUrl%3Dpages%2FDPG-9134db80-a1bc-11f1-a14f-7765dba32ff2%26sourceID%3Dtele_organic%26sourceCampaignName%3DESG-JB&af_sub5=social-paid&af_dp=grab%3A%2F%2Fopen%3FscreenType%3DSANDBOX%26sandboxDeepLinkUrl%3Dpages%2FDPG-9134db80-a1bc-11f1-a14f-7765dba32ff2%26sourceID%3Dtele_organic%26sourceCampaignName%3DESG-JB"",""domain"":""grab.com"",""ownership_status"":""verified"",""enumerable"":""no"",""extraction"":""semi_structured"",""family"":""platform_static_campaign"",""app_findings"":null},{""candidate_url"":""https://www.grab.com/sg/grab-salebration/?pid=EDM&c=SG_NA_PAX_GF_AW-CONV_LOC__MegaSale-GF_NA_MegaSale-GF&is_retargeting=true&af_dp=grab%3A%2F%2Fopen%3FscreenType%3DGRABFOOD%26campaignLandingID%3D17424%26headerColor%3D0B54A8%26headerSize%3Dmedium&af_force_deeplink=true&af_sub5=edm&af_ad=MegaSale-GF"",""domain"":""grab.com"",""ownership_status"":""verified"",""enumerable"":""no"",""extraction"":""image_only"",""family"":""platform_static_campaign"",""app_findings"":null}]",""
"GrabFood","grabfood","[""GrabFood""]","null","[]","1","1","[]","not_assessed","discovered","false","manual_research","false","false","assess_direct_source","no_captured_direct_source_assessment","[]","0","unknown","unknown","unknown","unknown","none","null","[]","false","not_onboarded","[""no_captured_direct_source_assessment""]","[""tests/corpus/mvp-conformance-reviewed.json#f15c4df0-d8fe-4eea-b074-a7a45df10a38""]","[]",""
"Guzman y Gomez","guzmanygomez","[""Guzman y Gomez""]","null","[]","3","1","[]","not_assessed","discovered","false","manual_research","false","false","assess_direct_source","no_captured_direct_source_assessment","[]","0","unknown","unknown","unknown","unknown","none","null","[]","false","not_onboarded","[""no_captured_direct_source_assessment""]","["".local/source-origin-audit/2026-09-30-social-corrected-offline/signals.json#264c20b0088508122a7666aaa53d9ff5f8380195af1a8b78b7fbabc500ece5cc"","".local/source-origin-audit/2026-09-30-social-corrected-offline/signals.json#57310754be44bbe0b7b88b60fa7dc94c98335ad01b2ab6e12a10737309935a6d"",""tests/corpus/mvp-conformance-reviewed.json#54a1914d-3e6d-45ae-befe-41dfb8967318""]","[]",""
"Gwanghwamun Mijin","gwanghwamunmijin","[""Gwanghwamun Mijin""]","null","[]","2","2","[]","not_assessed","discovered","false","manual_research","false","false","assess_direct_source","no_captured_direct_source_assessment","[]","0","unknown","unknown","unknown","unknown","none","null","[]","false","not_onboarded","[""no_captured_direct_source_assessment""]","[""tests/corpus/mvp-conformance-reviewed.json#06add810-7c79-4181-9cfa-f162ebfa601e"",""tests/corpus/mvp-conformance-reviewed.json#1c30c122-ced3-43bc-82ac-15c8553436ca""]","[]",""
"Happy Lamb","happylamb","[""Happy Lamb""]","null","[]","1","1","[]","not_assessed","discovered","false","manual_research","false","false","assess_direct_source","no_captured_direct_source_assessment","[]","0","unknown","unknown","unknown","unknown","none","null","[]","false","not_onboarded","[""no_captured_direct_source_assessment""]","[""tests/corpus/mvp-conformance-reviewed.json#f481a335-2476-424f-86bb-a2d22b78af0f""]","[]",""
"Hello Arigato","helloarigato","[""Hello Arigato""]","null","[]","1","1","[]","not_assessed","discovered","false","manual_research","false","false","assess_direct_source","no_captured_direct_source_assessment","[]","0","unknown","unknown","unknown","unknown","none","null","[]","false","not_onboarded","[""no_captured_direct_source_assessment""]","[""tests/corpus/mvp-conformance-reviewed.json#b7d0caab-b756-4b72-beff-d89a2eeee75a""]","[]",""
"Hokkaido Baked Cheese Tart","hokkaidobakedcheesetart","[""Hokkaido Baked Cheese Tart""]","null","[]","1","2","[]","not_assessed","discovered","false","manual_research","false","false","assess_direct_source","no_captured_direct_source_assessment","[]","0","unknown","unknown","unknown","unknown","none","null","[]","false","not_onboarded","[""no_captured_direct_source_assessment""]","[""tests/corpus/mvp-conformance-reviewed.json#78961d00-22d9-4b15-8406-d83be4d6fee5""]","[]",""
"IKEA","ikea","[""IKEA""]","null","[]","1","1","[]","not_assessed","discovered","false","manual_research","false","false","assess_direct_source","no_captured_direct_source_assessment","[]","0","unknown","unknown","unknown","unknown","none","null","[]","false","not_onboarded","[""no_captured_direct_source_assessment""]","[""tests/corpus/mvp-conformance-reviewed.json#5ba52ba1-74ac-4b25-9949-671af2c10c70""]","[]",""
"I’m donut","imdonut","[""I’m donut""]","null","[]","1","0","[]","not_assessed","discovered","false","manual_research","false","false","assess_direct_source","no_captured_direct_source_assessment","[]","0","unknown","unknown","unknown","unknown","none","null","[]","false","not_onboarded","[""no_captured_direct_source_assessment""]","["".local/source-origin-audit/2026-09-30-social-corrected-offline/signals.json#dfbb132d8ccb12623234715f8f708919f1fe189ce342f4054f75d70b2b9ab4da""]","[]",""
"Jack’s Place","jacksplace","[""Jack’s Place""]","null","[]","1","1","[]","not_assessed","discovered","false","manual_research","false","false","assess_direct_source","no_captured_direct_source_assessment","[]","0","unknown","unknown","unknown","unknown","none","null","[]","false","not_onboarded","[""no_captured_direct_source_assessment""]","[""tests/corpus/mvp-conformance-reviewed.json#f1b5ef8e-2d3d-47b9-8d79-0719be774233""]","[]",""
"JEN Shangri-La","jenshangrila","[""JEN Shangri-La""]","null","[]","1","1","[]","not_assessed","discovered","false","manual_research","false","false","assess_direct_source","no_captured_direct_source_assessment","[]","0","unknown","unknown","unknown","unknown","none","null","[]","false","not_onboarded","[""no_captured_direct_source_assessment""]","[""tests/corpus/mvp-conformance-reviewed.json#6e305e3c-a6df-477d-90eb-b13dee6fb41e""]","[]",""
"Kafey Haus","kafeyhaus","[""Kafey Haus""]","null","[]","1","1","[]","not_assessed","discovered","false","manual_research","false","false","assess_direct_source","no_captured_direct_source_assessment","[]","0","unknown","unknown","unknown","unknown","none","null","[]","false","not_onboarded","[""no_captured_direct_source_assessment""]","[""tests/corpus/mvp-conformance-reviewed.json#ddbb67e8-b154-4f80-b241-acd3448cf51f""]","[]",""
"Katsu-an","katsuan","[""Katsu-an""]","null","[]","1","1","[]","not_assessed","discovered","false","manual_research","false","false","assess_direct_source","no_captured_direct_source_assessment","[]","0","unknown","unknown","unknown","unknown","none","null","[]","false","not_onboarded","[""no_captured_direct_source_assessment""]","[""tests/corpus/mvp-conformance-reviewed.json#80d10092-3122-4e8e-a13b-d83c6626f633""]","[]",""
"Kei Kaisendon","keikaisendon","[""Kei Kaisendon""]","Kei Kaisendon (legal entity not declared in captured terms)","[]","5","5","[{""kind"":""merchant_social"",""platform"":""instagram"",""source_id"":null,""account"":""keikaisendon"",""operator"":null,""urls"":[""https://www.instagram.com/p/DdMLD32Ivbz/?utm_source=telegram&utm_medium=TS"",""https://www.instagram.com/p/DdWQHfKBdiK/?utm_source=telegram&utm_medium=TS""],""ownership"":""verified"",""enumeration"":""blocked"",""extraction"":""not_assessed"",""adapter"":null,""adapter_status"":""none"",""activation_status"":""blocked"",""stage"":""blocked"",""publication_enabled"":false,""auto_publish"":false,""autonomous_acquisition_enabled"":false,""review_incomplete_candidates"":false,""blockers"":[""automated_access_permission_unestablished"",""bounded_feed_boundary_unproven"",""post_account_association_unproven"",""unknown_continuation""],""evidence_refs"":[""https://www.keikaisendon.com/"",""tests/fixtures/coverage-batch-2/keikaisendon/social-1/a21d6c9fe84f081050dbf1f5a2836195698f23e0abeaf512c224a01283a5a101.html"",""tests/fixtures/coverage-batch-2/keikaisendon/social-1/da472c095863a50465185024f1997f1bf85edb32402c401c16aa8ee79206e433.html"",""tests/fixtures/coverage-batch-2/keikaisendon/social-1/e376e6c59bb1777b5c50ad1ca78fe9d270649c98af2b022c6d5444d2e353e2c3.html"",""tests/fixtures/coverage-batch-2/keikaisendon/web-2/e1032fe612f65b385131f603ed0cb423ce28a4334c5f1f7c9fa97a336e6fc833.html"",""tests/fixtures/coverage-batch-2/keikaisendon/web-2/manifest.json""]},{""kind"":""merchant_social"",""platform"":""instagram"",""source_id"":null,""account"":null,""operator"":null,""urls"":[""https://www.instagram.com/p/DdMLD32Ivbz/?utm_source=telegram&utm_medium=TS""],""ownership"":""unverified"",""enumeration"":""not_assessed"",""extraction"":""not_assessed"",""adapter"":null,""adapter_status"":""none"",""activation_status"":""candidate"",""stage"":""discovered"",""publication_enabled"":false,""auto_publish"":false,""autonomous_acquisition_enabled"":false,""review_incomplete_candidates"":false,""blockers"":[""exact_account_unresolved"",""ownership_unverified""],""evidence_refs"":[""https://www.instagram.com/p/DdMLD32Ivbz/?utm_source=telegram&utm_medium=TS""]},{""kind"":""merchant_social"",""platform"":""instagram"",""source_id"":null,""account"":null,""operator"":null,""urls"":[""https://www.instagram.com/p/DdWQHfKBdiK/?utm_source=telegram&utm_medium=TS""],""ownership"":""unverified"",""enumeration"":""not_assessed"",""extraction"":""not_assessed"",""adapter"":null,""adapter_status"":""none"",""activation_status"":""candidate"",""stage"":""discovered"",""publication_enabled"":false,""auto_publish"":false,""autonomous_acquisition_enabled"":false,""review_incomplete_candidates"":false,""blockers"":[""exact_account_unresolved"",""ownership_unverified""],""evidence_refs"":[""https://www.instagram.com/p/DdWQHfKBdiK/?utm_source=telegram&utm_medium=TS""]},{""kind"":""merchant_web"",""platform"":null,""account"":null,""source_id"":null,""operator"":""Kei Kaisendon (legal entity not declared in captured terms)"",""urls"":[""https://www.keikaisendon.com/"",""https://www.keikaisendon.com/find-us/"",""https://www.keikaisendon.com/terms-conditions/""],""ownership"":""verified"",""enumeration"":""not_enumerable"",""extraction"":""cached_social_widget"",""adapter"":null,""adapter_status"":""none"",""activation_status"":""blocked"",""stage"":""blocked"",""publication_enabled"":false,""auto_publish"":false,""autonomous_acquisition_enabled"":false,""review_incomplete_candidates"":false,""blockers"":[""cached_social_widget_not_authoritative_feed"",""promotion_directory_absent""],""evidence_refs"":[""tests/fixtures/coverage-batch-2/keikaisendon/social-1/a21d6c9fe84f081050dbf1f5a2836195698f23e0abeaf512c224a01283a5a101.html"",""tests/fixtures/coverage-batch-2/keikaisendon/social-1/da472c095863a50465185024f1997f1bf85edb32402c401c16aa8ee79206e433.html"",""tests/fixtures/coverage-batch-2/keikaisendon/social-1/e376e6c59bb1777b5c50ad1ca78fe9d270649c98af2b022c6d5444d2e353e2c3.html"",""tests/fixtures/coverage-batch-2/keikaisendon/web-2/e1032fe612f65b385131f603ed0cb423ce28a4334c5f1f7c9fa97a336e6fc833.html"",""tests/fixtures/coverage-batch-2/keikaisendon/web-3/402c5b9f32b689bd5e7d210678ae1c36b3bfb52ec0f932a314f2bc69b42c1372.html"",""tests/fixtures/coverage-batch-2/keikaisendon/web-3/8f6c7a41af67ec7025fec41943a5cdd8c34940b6734456caa1d5d7a7eb82c5c5.html""]}]","source_candidate","discovered","false","instagram","false","false","verify_instagram_ownership","automated_access_permission_unestablished","[]","0","verified","not_enumerable","unknown","cached_social_widget","none","null","[""wordpress_promotion_directory""]","false","not_onboarded","[""cached_social_widget_not_authoritative_feed"",""promotion_directory_absent""]","["".local/source-origin-audit/2026-09-30-social-corrected-offline/signals.json#01a86f729ce87c846a7468ae9b8020d6fc03e12c9aaac3913c876177a9efc265"","".local/source-origin-audit/2026-09-30-social-corrected-offline/signals.json#ee71f4aa796e50924583c8acb225842c62a2bd49fb7b381a997ebbcb0ccb8bca"",""tests/corpus/mvp-conformance-reviewed.json#1ee6b9ec-4e0d-4a9f-aa32-047cbd2dbcc4"",""tests/corpus/mvp-conformance-reviewed.json#be833434-453b-4957-9a48-edde107a2646"",""tests/corpus/mvp-conformance-reviewed.json#dfe7fbf0-e4a5-4c0a-b95a-dafd7c8ef42e"",""tests/fixtures/coverage-batch-2/keikaisendon/social-1/a21d6c9fe84f081050dbf1f5a2836195698f23e0abeaf512c224a01283a5a101.html"",""tests/fixtures/coverage-batch-2/keikaisendon/social-1/da472c095863a50465185024f1997f1bf85edb32402c401c16aa8ee79206e433.html"",""tests/fixtures/coverage-batch-2/keikaisendon/social-1/e376e6c59bb1777b5c50ad1ca78fe9d270649c98af2b022c6d5444d2e353e2c3.html"",""tests/fixtures/coverage-batch-2/keikaisendon/web-2/e1032fe612f65b385131f603ed0cb423ce28a4334c5f1f7c9fa97a336e6fc833.html"",""tests/fixtures/coverage-batch-2/keikaisendon/web-3/402c5b9f32b689bd5e7d210678ae1c36b3bfb52ec0f932a314f2bc69b42c1372.html"",""tests/fixtures/coverage-batch-2/keikaisendon/web-3/8f6c7a41af67ec7025fec41943a5cdd8c34940b6734456caa1d5d7a7eb82c5c5.html""]","[]",""
"KFC","kfc","[""KFC""]","null","[]","1","1","[]","not_assessed","discovered","false","manual_research","false","false","assess_direct_source","no_captured_direct_source_assessment","[]","0","unknown","unknown","unknown","unknown","none","null","[]","false","not_onboarded","[""no_captured_direct_source_assessment""]","[""tests/corpus/mvp-conformance-reviewed.json#e359ecd9-5a04-477d-9198-c6d612aaeec5""]","[]",""
"Kimpson's Table","kimpsonstable","[""Kimpson's Table"",""Kimpson’s Table""]","null","[]","3","8","[{""kind"":""merchant_social"",""platform"":""instagram"",""source_id"":null,""account"":""kimpsonstable.sg"",""operator"":null,""urls"":[""https://www.instagram.com/kimpsonstable.sg/""],""ownership"":""unverified"",""enumeration"":""not_assessed"",""extraction"":""not_assessed"",""adapter"":null,""adapter_status"":""none"",""activation_status"":""candidate"",""stage"":""discovered"",""publication_enabled"":false,""auto_publish"":false,""autonomous_acquisition_enabled"":false,""review_incomplete_candidates"":false,""blockers"":[""ownership_unverified"",""post_account_association_unproven""],""evidence_refs"":[""docs/changes/coverage-batch-2/research.md"",""https://www.fareastmalls.com.sg/en/discover/Kimpsons-Table"",""tests/fixtures/coverage-batch-2/kimpsonstable/web-2/5ebe676dbeaa12f72cd25a91550900be753c44f61247237c5f34aa104ea3a023.html""]},{""kind"":""merchant_social"",""platform"":""instagram"",""source_id"":null,""account"":""kimpsonstable"",""operator"":null,""urls"":[""https://www.instagram.com/kimpsonstable/""],""ownership"":""verified"",""enumeration"":""blocked"",""extraction"":""not_assessed"",""adapter"":null,""adapter_status"":""none"",""activation_status"":""blocked"",""stage"":""blocked"",""publication_enabled"":false,""auto_publish"":false,""autonomous_acquisition_enabled"":false,""review_incomplete_candidates"":false,""blockers"":[""automated_access_permission_unestablished"",""bounded_feed_boundary_unproven"",""post_account_association_unproven"",""public_feed_not_exposed""],""evidence_refs"":[""https://kimpsontable.cococart.co/"",""tests/fixtures/coverage-batch-2/kimpsonstable/social-1/831a973d97d6d3b11c35b8297a0df1a3b1d4bae221261a3972f42e9f85ef07d5.html"",""tests/fixtures/coverage-batch-2/kimpsonstable/web-2/b37392b1d7310db5181b1f41ef1c1547448892dcc0b4ac4ee6e8c8621c56c8d1.html"",""tests/fixtures/coverage-batch-2/kimpsonstable/web-2/manifest.json""]},{""kind"":""merchant_web"",""platform"":null,""account"":null,""source_id"":null,""operator"":null,""urls"":[""https://kimpsontable.cococart.co/""],""ownership"":""verified"",""enumeration"":""not_enumerable"",""extraction"":""catalogue_only"",""adapter"":null,""adapter_status"":""none"",""activation_status"":""blocked"",""stage"":""blocked"",""publication_enabled"":false,""auto_publish"":false,""autonomous_acquisition_enabled"":false,""review_incomplete_candidates"":false,""blockers"":[""storefront_closed"",""promotion_directory_absent"",""current_venue_account_ownership_unverified""],""evidence_refs"":[""tests/fixtures/coverage-batch-2/kimpsonstable/social-1/831a973d97d6d3b11c35b8297a0df1a3b1d4bae221261a3972f42e9f85ef07d5.html"",""tests/fixtures/coverage-batch-2/kimpsonstable/web-2/5ebe676dbeaa12f72cd25a91550900be753c44f61247237c5f34aa104ea3a023.html"",""tests/fixtures/coverage-batch-2/kimpsonstable/web-2/b37392b1d7310db5181b1f41ef1c1547448892dcc0b4ac4ee6e8c8621c56c8d1.html""]}]","source_candidate","discovered","false","instagram","false","false","verify_instagram_ownership","automated_access_permission_unestablished","[]","0","verified","not_enumerable","unknown","catalogue_only","none","null","[""headless_static_catalogue""]","false","not_onboarded","[""current_venue_account_ownership_unverified"",""promotion_directory_absent"",""storefront_closed""]","[""tests/corpus/mvp-conformance-reviewed.json#b5e1a48b-bdae-4c44-8db0-c4eb566eec92"",""tests/corpus/mvp-conformance-reviewed.json#dfc46b21-8788-432a-8565-7ea4f734d77d"",""tests/corpus/mvp-conformance-reviewed.json#fd6c628b-31a4-4f4a-8797-e47c2a1160a0"",""tests/fixtures/coverage-batch-2/kimpsonstable/social-1/831a973d97d6d3b11c35b8297a0df1a3b1d4bae221261a3972f42e9f85ef07d5.html"",""tests/fixtures/coverage-batch-2/kimpsonstable/web-2/5ebe676dbeaa12f72cd25a91550900be753c44f61247237c5f34aa104ea3a023.html"",""tests/fixtures/coverage-batch-2/kimpsonstable/web-2/b37392b1d7310db5181b1f41ef1c1547448892dcc0b4ac4ee6e8c8621c56c8d1.html""]","[]",""
"Koi Thé","koith","[""Koi Thé""]","null","[]","1","1","[]","not_assessed","discovered","false","manual_research","false","false","assess_direct_source","no_captured_direct_source_assessment","[]","0","unknown","unknown","unknown","unknown","none","null","[]","false","not_onboarded","[""no_captured_direct_source_assessment""]","[""tests/corpus/mvp-conformance-reviewed.json#6d59ef28-e626-4928-8fab-dfce7b2b68c2""]","[]",""
"Kotuwa","kotuwa","[""Kotuwa""]","null","[]","1","1","[]","not_assessed","discovered","false","manual_research","false","false","assess_direct_source","no_captured_direct_source_assessment","[]","0","unknown","unknown","unknown","unknown","none","null","[]","false","not_onboarded","[""no_captured_direct_source_assessment""]","[""tests/corpus/mvp-conformance-reviewed.json#43c2c307-5e6e-4b22-8e2d-a107197da3cd""]","[]",""
"Kris+","kris","[""Kris+""]","Kris+ Pte Ltd","[""Singapore Airlines""]","1","1","[{""kind"":""issuer_platform"",""platform"":null,""source_id"":""kris_plus_sg"",""account"":null,""operator"":""Kris+ Pte Ltd"",""urls"":[""https://www.krisplus.com/en/sg/promotions""],""ownership"":""verified"",""enumeration"":""partial"",""extraction"":""not_assessed"",""adapter"":""kris-plus"",""adapter_status"":""shadow"",""activation_status"":""shadow"",""stage"":""adapter_shadow"",""publication_enabled"":false,""auto_publish"":false,""autonomous_acquisition_enabled"":false,""review_incomplete_candidates"":false,""blockers"":[""campaign_offer_scopes_unresolved"",""partial_enumeration"",""partner_publication_configuration_unmodeled"",""unresolved_load_more""],""evidence_refs"":[""docs/changes/direct-source-batch-1/research.md"",""docs/changes/direct-source-batch-1/research.md (exact website legal operator declaration, separately captured from directory)"",""https://www.krisplus.com/en/sg/terms-and-conditions"",""tests/fixtures/direct-sources/kris-plus/manifest.json""]},{""kind"":""issuer_platform"",""platform"":null,""source_id"":null,""account"":null,""operator"":null,""urls"":[""https://app.krisplus.com/Oct26_SG_BBash_SGFD""],""ownership"":""probable"",""enumeration"":""no"",""extraction"":""app_only"",""adapter"":null,""adapter_status"":""none"",""activation_status"":""candidate"",""stage"":""discovered"",""publication_enabled"":false,""auto_publish"":false,""autonomous_acquisition_enabled"":false,""review_incomplete_candidates"":false,""blockers"":[""Confirm independent ownership link for exact app hostname"",""Load-more completeness and linked campaign fact extraction remain follow-up; do not use private APIs"",""Public directory is independently discoverable; sampled Birthday Bash correspondence not found""],""evidence_refs"":[""/Users/louis/Documents/Projects/vibe coding/PromotionAroundYou/.local/direct-source-audit/2026-09-30-captured-evidence/reviewed-evidence-final.json#candidate-01"",""https://app.krisplus.com/Oct26_SG_BBash_SGFD""]}]","shadow_only","adapter_shadow","false","platform","false","false","issuer_platform_model_required","Confirm independent ownership link for exact app hostname","[""app.krisplus.com""]","1","verified","partial","no","app_only","shadow","kris_plus_sg","[""app_deeplink_with_public_directory""]","false","disabled_shadow","[""campaign_offer_scopes_unresolved"",""partial_enumeration"",""partner_publication_configuration_unmodeled"",""unresolved_load_more""]","["".local/direct-source-audit/2026-09-30T14-13-48-529Z/audit.json#b09cbebd554d9088b575c275670b64d7a8fede70423d9e31e58bcfba34bddfad"","".local/source-origin-audit/2026-09-30-social-corrected-offline/signals.json#b09cbebd554d9088b575c275670b64d7a8fede70423d9e31e58bcfba34bddfad"",""/Users/louis/Documents/Projects/vibe coding/PromotionAroundYou/.local/direct-source-audit/2026-09-30-captured-evidence/reviewed-evidence-final.json#candidate-01"",""docs/changes/direct-source-batch-1/research.md"",""docs/changes/direct-source-batch-1/research.md (exact website legal operator declaration, separately captured from directory)"",""https://app.krisplus.com/Oct26_SG_BBash_SGFD"",""https://www.krisplus.com/en/sg/terms-and-conditions"",""tests/fixtures/direct-sources/kris-plus/manifest.json""]","[{""candidate_url"":""https://app.krisplus.com/Oct26_SG_BBash_SGFD"",""domain"":""app.krisplus.com"",""ownership_status"":""probable"",""enumerable"":""no"",""extraction"":""app_only"",""family"":""app_deeplink_with_public_directory"",""app_findings"":{""corresponding_web_campaign"":""unknown"",""metadata_before_launch"":""Only generic Kris+ branding, store links and download QR; no Birthday Bash benefits or validity."",""stable_campaign_identifier"":""Oct26_SG_BBash_SGFD (observed alias; durability unknown); Branch path 0Tcg4cORE6b"",""public_listing_endpoint"":""https://www.krisplus.com/en/sg/promotions — captured HTML lists campaigns with stable slug/hash paths and Load more; public partners/deals/privileges links also observed; pagination transport not inspected."",""authentication"":""No login for public directory/download. In-app campaign access unknown; Singapore Airlines guides describe member accounts for redemption."",""acquisition_role"":""evidence_only""}}]",""
"Lao Beijing","laobeijing","[""Lao Beijing""]","null","[]","1","1","[]","not_assessed","discovered","false","manual_research","false","false","assess_direct_source","no_captured_direct_source_assessment","[]","0","unknown","unknown","unknown","unknown","none","null","[]","false","not_onboarded","[""no_captured_direct_source_assessment""]","[""tests/corpus/mvp-conformance-reviewed.json#2c619fc2-4ba2-4561-865e-2b047307a63f""]","[]",""
"LiHO","liho","[""LiHO""]","null","[]","1","0","[]","not_assessed","discovered","false","manual_research","false","false","assess_direct_source","no_captured_direct_source_assessment","[]","0","unknown","unknown","unknown","unknown","none","null","[]","false","not_onboarded","[""no_captured_direct_source_assessment""]","["".local/source-origin-audit/2026-09-30-social-corrected-offline/signals.json#aaefccccdce8dbe8e2034f9ae86478c7e6772f46b2c12ad578814652609c2dde""]","[]",""
"LiXin Teochew Fishball Noodles","lixinteochewfishballnoodles","[""LiXin Teochew Fishball Noodles""]","null","[]","1","1","[]","not_assessed","discovered","false","manual_research","false","false","assess_direct_source","no_captured_direct_source_assessment","[]","0","unknown","unknown","unknown","unknown","none","null","[]","false","not_onboarded","[""no_captured_direct_source_assessment""]","[""tests/corpus/mvp-conformance-reviewed.json#196f2085-e024-458e-b899-087c1cf5dcb3""]","[]",""
"Marché","march","[""Marché""]","null","[]","1","0","[]","not_assessed","discovered","false","manual_research","false","false","assess_direct_source","no_captured_direct_source_assessment","[]","0","unknown","unknown","unknown","unknown","none","null","[]","false","not_onboarded","[""no_captured_direct_source_assessment""]","["".local/source-origin-audit/2026-09-30-social-corrected-offline/signals.json#7cf8c279ab166eca0002a9489995ed34704070c3a7f49343b6a0bf4937ab7915""]","[]",""
"Marche","marche","[""Marche""]","null","[]","1","1","[{""kind"":""merchant_social"",""platform"":""instagram"",""source_id"":null,""account"":null,""operator"":null,""urls"":[""https://www.instagram.com/p/DdSzWl-jaY0/?hl=en&utm_source=telegram&utm_medium=sep2026&utm_campaign=sgfooddeals""],""ownership"":""unverified"",""enumeration"":""not_assessed"",""extraction"":""not_assessed"",""adapter"":null,""adapter_status"":""none"",""activation_status"":""candidate"",""stage"":""discovered"",""publication_enabled"":false,""auto_publish"":false,""autonomous_acquisition_enabled"":false,""review_incomplete_candidates"":false,""blockers"":[""exact_account_unresolved"",""ownership_unverified""],""evidence_refs"":[""https://www.instagram.com/p/DdSzWl-jaY0/?hl=en&utm_source=telegram&utm_medium=sep2026&utm_campaign=sgfooddeals""]}]","source_candidate","discovered","false","instagram","false","false","verify_instagram_ownership","exact_account_unresolved","[]","0","unknown","unknown","unknown","unknown","none","null","[]","false","not_onboarded","[""no_captured_direct_source_assessment""]","["".local/source-origin-audit/2026-09-30-social-corrected-offline/signals.json#38a4ef3d9994b7efe2e198280e588752c8f651556d10a13def6420083e92790c""]","[]",""
"McDonald's","mcdonalds","[""McDonald's"",""McDonald’s""]","McDonald's Singapore (website controller; local legal entity not stated in captured terms)","[]","4","4","[{""kind"":""merchant_social"",""platform"":""instagram"",""source_id"":null,""account"":""mcdsg"",""operator"":null,""urls"":[""https://www.instagram.com/p/DdQIFcCB6TP/?utm_source=Telegram&utm_medium=TS&utm_campaign=TS_$6McSpicy"",""https://www.instagram.com/p/Ddp7EmljAbm/?utm_source=telegram&utm_medium=TS""],""ownership"":""verified"",""enumeration"":""blocked"",""extraction"":""not_assessed"",""adapter"":null,""adapter_status"":""none"",""activation_status"":""blocked"",""stage"":""blocked"",""publication_enabled"":false,""auto_publish"":false,""autonomous_acquisition_enabled"":false,""review_incomplete_candidates"":false,""blockers"":[""automated_access_permission_unestablished"",""bounded_feed_boundary_unproven"",""unknown_continuation""],""evidence_refs"":[""https://www.mcdonalds.com.sg/"",""tests/fixtures/coverage-batch-2/mcdonalds/social-1/6f679128edcf08ee10c55840bf03ba8432b0070b359f9a99ed202ca704e050e3.html"",""tests/fixtures/coverage-batch-2/mcdonalds/social-1/a109165630e778eb62e139931f035477362c673052d5dd21e8254e76e2a8a24a.html"",""tests/fixtures/coverage-batch-2/mcdonalds/social-1/d7d7a65d56ead1713179985ca74cfe4f6f9656c167441f8895cf3f1ff5941366.html"",""tests/fixtures/coverage-batch-2/mcdonalds/web-2/11f7859b2408eca383a51a7372a7d63e1df9ddeec62e17c61f6ec61df5b6b646.html"",""tests/fixtures/coverage-batch-2/mcdonalds/web-2/manifest.json""]},{""kind"":""merchant_web"",""platform"":null,""source_id"":""mcdonalds_sg"",""account"":null,""operator"":""McDonald's Singapore (website controller; local legal entity not stated in captured terms)"",""urls"":[""https://www.mcdonalds.com.sg/McSaver"",""https://www.mcdonalds.com.sg/bfmcsaver""],""ownership"":""verified"",""enumeration"":""partial"",""extraction"":""partial"",""adapter"":""mcdonalds"",""adapter_status"":""shadow"",""activation_status"":""shadow"",""stage"":""adapter_shadow"",""publication_enabled"":false,""auto_publish"":false,""autonomous_acquisition_enabled"":false,""review_incomplete_candidates"":false,""blockers"":[""mcd_campaigns_outside_news_directory"",""mcd_news_load_more_unresolved"",""multiple_propositions_require_review"",""official_outlet_directory_app_only""],""evidence_refs"":[""docs/changes/coverage-batch-2/research.md (captured official source boundaries, 2026-10-02)"",""docs/changes/coverage-batch-2/source-decisions.json"",""https://www.mcdonalds.com.sg/"",""https://www.mcdonalds.com.sg/website-terms""]}]","shadow_only","adapter_shadow","false","website","false","false","resolve_web_enumeration","automated_access_permission_unestablished","[]","0","verified","partial","unknown","partial","shadow","mcdonalds_sg","[""corporate_html_promotion_directory""]","false","disabled_shadow","[""mcd_campaigns_outside_news_directory"",""mcd_news_load_more_unresolved"",""multiple_propositions_require_review"",""official_outlet_directory_app_only""]","["".local/source-origin-audit/2026-09-30-social-corrected-offline/signals.json#63d46e9e0f72c89156680ff4da845edcec52c915025e2c4e3944f0b5d874db9c"",""docs/changes/coverage-batch-2/research.md (captured official source boundaries, 2026-10-02)"",""docs/changes/coverage-batch-2/source-decisions.json"",""https://www.mcdonalds.com.sg/"",""https://www.mcdonalds.com.sg/website-terms"",""tests/corpus/mvp-conformance-reviewed.json#551df953-2f18-4c60-b923-7deb4a54a2d7"",""tests/corpus/mvp-conformance-reviewed.json#9d4f24b4-0944-4a49-909c-2d00b4cfc036"",""tests/corpus/mvp-conformance-reviewed.json#e799684b-4d6e-4029-8530-27cb7dee4c3c"",""tests/fixtures/coverage-batch-2/mcdonalds/social-1/6f679128edcf08ee10c55840bf03ba8432b0070b359f9a99ed202ca704e050e3.html"",""tests/fixtures/coverage-batch-2/mcdonalds/social-1/a109165630e778eb62e139931f035477362c673052d5dd21e8254e76e2a8a24a.html"",""tests/fixtures/coverage-batch-2/mcdonalds/social-1/d7d7a65d56ead1713179985ca74cfe4f6f9656c167441f8895cf3f1ff5941366.html"",""tests/fixtures/coverage-batch-2/mcdonalds/web-2/11f7859b2408eca383a51a7372a7d63e1df9ddeec62e17c61f6ec61df5b6b646.html"",""tests/fixtures/coverage-batch-2/mcdonalds/web-3/19ac06173d7d29ae9b7277f205eb2e5dc432de50e355effe914ffea674b4d656.html"",""tests/fixtures/coverage-batch-2/mcdonalds/web-3/1b43d32ad515bd9bc8cb45f72fcdc2f42d04778e0242cbb9e01f5a21bfb448cc.html"",""tests/fixtures/coverage-batch-2/mcdonalds/web-3/60407a76d68cbda64864824f505940444dd6ed069988b8b67068c559c8e74e73.html"",""tests/fixtures/coverage-batch-2/mcdonalds/web-3/a54044c7fbfa91d7cd4f4c7cbe39f0b7477bf80eda609ca219d23b94f990815a.html"",""tests/fixtures/coverage-batch-2/mcdonalds/web-3/fb51fc3b7a19219bb5ffecb12c0e4d2947d756ceea4a1f4c99bb082284cd5c43.html""]","[]",""
"Meat Smith","meatsmith","[""Meat Smith"",""Meatsmith""]","null","[]","2","2","[]","not_assessed","discovered","false","manual_research","false","false","assess_direct_source","no_captured_direct_source_assessment","[]","0","unknown","unknown","unknown","unknown","none","null","[]","false","not_onboarded","[""no_captured_direct_source_assessment""]","[""tests/corpus/mvp-conformance-reviewed.json#3690a6b2-6b4d-45ca-94be-a100e72470e5"",""tests/corpus/mvp-conformance-reviewed.json#fe1ce7c8-36be-45fb-9e10-b45b2d68c730""]","[]",""
"MilkyShop","milkyshop","[""MilkyShop""]","null","[]","1","1","[]","not_assessed","discovered","false","manual_research","false","false","assess_direct_source","no_captured_direct_source_assessment","[]","0","unknown","unknown","unknown","unknown","none","null","[]","false","not_onboarded","[""no_captured_direct_source_assessment""]","[""tests/corpus/mvp-conformance-reviewed.json#598267ad-570e-43d4-bfc4-f3b98998ae35""]","[]",""
"More Yogurt","moreyogurt","[""More Yogurt"",""moreyogurt""]","Shanghai BUOY Catering Management Co., Ltd (global brand only; Singapore operator unverified)","[]","3","5","[{""kind"":""merchant_web"",""platform"":null,""account"":null,""source_id"":null,""operator"":""Shanghai BUOY Catering Management Co., Ltd (global brand only; Singapore operator unverified)"",""urls"":[""https://www.more-yogurt.com/index/about"",""https://www.more-yogurt.com/index/news""],""ownership"":""probable"",""enumeration"":""not_established"",""extraction"":""not_assessed"",""adapter"":null,""adapter_status"":""none"",""activation_status"":""blocked"",""stage"":""blocked"",""publication_enabled"":false,""auto_publish"":false,""autonomous_acquisition_enabled"":false,""review_incomplete_candidates"":false,""blockers"":[""singapore_operator_and_domain_unverified"",""global_news_not_singapore_campaign_authority"",""singapore_outlet_directory_unavailable""],""evidence_refs"":[""tests/fixtures/coverage-batch-2/moreyogurt/web-2/174c87fc940258ec62aa20a47c433550d0bed353362a952661368a512b8d1865.html"",""tests/fixtures/coverage-batch-2/moreyogurt/web-2/53fe8424656c861835ab0a687dc5e58b66eff52b910869687db3acce0f829318.html"",""tests/fixtures/coverage-batch-2/moreyogurt/web-3/3c29c364cdb8e142e0230eac40cc4ee42d431bca2070e8332e18dc140dad6ad7.html""]}]","blocked","blocked","false","blocked","false","false","blocked_no_safe_public_source","global_news_not_singapore_campaign_authority","[]","0","probable","not_established","unknown","not_assessed","none","null","[""corporate_html_promotion_directory""]","false","not_onboarded","[""global_news_not_singapore_campaign_authority"",""singapore_operator_and_domain_unverified"",""singapore_outlet_directory_unavailable""]","[""tests/corpus/mvp-conformance-reviewed.json#186fce6f-6d46-45ba-831c-04703e043996"",""tests/corpus/mvp-conformance-reviewed.json#248b41c6-f14c-4f43-8230-1aca0bd150ae"",""tests/corpus/mvp-conformance-reviewed.json#7dfd7be1-6c2c-40c7-b923-ee8cdc4c6a0b"",""tests/fixtures/coverage-batch-2/moreyogurt/web-2/174c87fc940258ec62aa20a47c433550d0bed353362a952661368a512b8d1865.html"",""tests/fixtures/coverage-batch-2/moreyogurt/web-2/53fe8424656c861835ab0a687dc5e58b66eff52b910869687db3acce0f829318.html"",""tests/fixtures/coverage-batch-2/moreyogurt/web-3/3c29c364cdb8e142e0230eac40cc4ee42d431bca2070e8332e18dc140dad6ad7.html""]","[]",""
"Morganfield's","morganfields","[""Morganfield's"",""Morganfield’s""]","null","[]","2","2","[]","not_assessed","discovered","false","manual_research","false","false","assess_direct_source","no_captured_direct_source_assessment","[]","0","unknown","unknown","unknown","unknown","none","null","[]","false","not_onboarded","[""no_captured_direct_source_assessment""]","[""tests/corpus/mvp-conformance-reviewed.json#955805f6-dca8-4a6f-a6d3-f7bbd2fc894f"",""tests/corpus/mvp-conformance-reviewed.json#e988b525-e12a-4c10-aedf-98596b69f3f9""]","[]",""
"MOS Burger","mosburger","[""MOS Burger""]","null","[]","1","1","[]","not_assessed","discovered","false","manual_research","false","false","assess_direct_source","no_captured_direct_source_assessment","[]","0","unknown","unknown","unknown","unknown","none","null","[]","false","not_onboarded","[""no_captured_direct_source_assessment""]","[""tests/corpus/mvp-conformance-reviewed.json#79356645-9d15-4226-bca8-bf2566f538af""]","[]",""
"MUKAI","mukai","[""MUKAI""]","null","[]","1","1","[]","not_assessed","discovered","false","manual_research","false","false","assess_direct_source","no_captured_direct_source_assessment","[]","0","unknown","unknown","unknown","unknown","none","null","[]","false","not_onboarded","[""no_captured_direct_source_assessment""]","[""tests/corpus/mvp-conformance-reviewed.json#c2ee579b-8719-4cac-9f18-092cdef8775c""]","[]",""
"Nasty Cookie","nastycookie","[""Nasty Cookie""]","null","[]","2","1","[]","not_assessed","discovered","false","manual_research","false","false","assess_direct_source","no_captured_direct_source_assessment","[]","0","unknown","unknown","unknown","unknown","none","null","[]","false","not_onboarded","[""no_captured_direct_source_assessment""]","["".local/source-origin-audit/2026-09-30-social-corrected-offline/signals.json#7f9943e013f4a506c8b28032da82f1bbfe4762428d06ad1a2e9751d6b81c5b82"",""tests/corpus/mvp-conformance-reviewed.json#798dacf9-b305-4273-a395-a76a06c54ab1""]","[]",""
"New Ubin Seafood","newubinseafood","[""New Ubin Seafood""]","null","[]","1","1","[]","not_assessed","discovered","false","manual_research","false","false","assess_direct_source","no_captured_direct_source_assessment","[]","0","unknown","unknown","unknown","unknown","none","null","[]","false","not_onboarded","[""no_captured_direct_source_assessment""]","[""tests/corpus/mvp-conformance-reviewed.json#8931316d-02ca-4a6b-ad55-92ff94ca72db""]","[]",""
"Next Door Spanish Cafe","nextdoorspanishcafe","[""Next Door Spanish Cafe""]","null","[]","1","1","[]","not_assessed","discovered","false","manual_research","false","false","assess_direct_source","no_captured_direct_source_assessment","[]","0","unknown","unknown","unknown","unknown","none","null","[]","false","not_onboarded","[""no_captured_direct_source_assessment""]","[""tests/corpus/mvp-conformance-reviewed.json#060f6e52-7916-43e7-804f-a134cff79a92""]","[]",""
"noci bakehouse","nocibakehouse","[""noci bakehouse""]","null","[]","1","0","[]","not_assessed","discovered","false","manual_research","false","false","assess_direct_source","no_captured_direct_source_assessment","[]","0","unknown","unknown","unknown","unknown","none","null","[]","false","not_onboarded","[""no_captured_direct_source_assessment""]","["".local/source-origin-audit/2026-09-30-social-corrected-offline/signals.json#a0c5eba78b1a4344911b3ff39e1d6d952dfd296b0589c97a4a209fbe7a36d031""]","[]",""
"NomNom JB","nomnomjb","[""NomNom JB""]","null","[]","1","1","[]","not_assessed","discovered","false","manual_research","false","false","assess_direct_source","no_captured_direct_source_assessment","[]","0","unknown","unknown","unknown","unknown","none","null","[]","false","not_onboarded","[""no_captured_direct_source_assessment""]","[""tests/corpus/mvp-conformance-reviewed.json#16f61535-8fc8-46d4-b46f-6d753200187f""]","[]",""
"Nouri","nouri","[""Nouri""]","null","[]","1","1","[]","not_assessed","discovered","false","manual_research","false","false","assess_direct_source","no_captured_direct_source_assessment","[]","0","unknown","unknown","unknown","unknown","none","null","[]","false","not_onboarded","[""no_captured_direct_source_assessment""]","[""tests/corpus/mvp-conformance-reviewed.json#06400f49-0d3d-47b8-8a28-05bc47545bb5""]","[]",""
"OMMA Korean Charcoal BBQ","ommakoreancharcoalbbq","[""OMMA Korean Charcoal BBQ""]","null","[]","1","1","[]","not_assessed","discovered","false","manual_research","false","false","assess_direct_source","no_captured_direct_source_assessment","[]","0","unknown","unknown","unknown","unknown","none","null","[]","false","not_onboarded","[""no_captured_direct_source_assessment""]","[""tests/corpus/mvp-conformance-reviewed.json#3f8a72e2-541d-4892-bf71-7c99ffd02380""]","[]",""
"Omuplace","omuplace","[""Omuplace""]","null","[]","1","1","[]","not_assessed","discovered","false","manual_research","false","false","assess_direct_source","no_captured_direct_source_assessment","[]","0","unknown","unknown","unknown","unknown","none","null","[]","false","not_onboarded","[""no_captured_direct_source_assessment""]","[""tests/corpus/mvp-conformance-reviewed.json#bc3ae5ef-7ca1-4386-9ee6-0a7534e848a0""]","[]",""
"Papi’s Tacos","papistacos","[""Papi’s Tacos""]","null","[]","2","2","[]","not_assessed","discovered","false","manual_research","false","false","assess_direct_source","no_captured_direct_source_assessment","[]","0","unknown","unknown","unknown","unknown","none","null","[]","false","not_onboarded","[""no_captured_direct_source_assessment""]","[""tests/corpus/mvp-conformance-reviewed.json#8bc768f9-4111-4808-aa05-6c32e1a70e0b"",""tests/corpus/mvp-conformance-reviewed.json#b636458f-3026-423d-b370-c0ecd5180f62""]","[]",""
"Paradise Group","paradisegroup","[""Paradise Group""]","Paradise Group Holdings Pte. Ltd.","[]","0","0","[{""kind"":""merchant_web"",""platform"":null,""source_id"":""paradise_group_sg"",""account"":null,""operator"":""Paradise Group Holdings Pte. Ltd."",""urls"":[""https://www.paradisegp.com/"",""https://www.paradisegp.com/paradise-hotpot/""],""ownership"":""verified"",""enumeration"":""partial"",""extraction"":""partial"",""adapter"":""paradise-group"",""adapter_status"":""shadow"",""activation_status"":""shadow"",""stage"":""adapter_shadow"",""publication_enabled"":false,""auto_publish"":false,""autonomous_acquisition_enabled"":false,""review_incomplete_candidates"":false,""blockers"":[""oversized_evidence"",""partial_enumeration"",""unresolved_load_more""],""evidence_refs"":[""docs/changes/autonomous-direct-source-ingestion/verification.md"",""docs/changes/direct-source-candidate-audit/verification.md (verified operator evidence, 2026-09-30)"",""https://www.paradisegp.com/paradise-hotpot/"",""https://www.paradisegp.com/privacy-policy/""]}]","shadow_only","adapter_shadow","false","website","false","false","resolve_web_enumeration","oversized_evidence","[]","0","verified","partial","unknown","partial","shadow","paradise_group_sg","[""wordpress_promotion_directory""]","false","disabled_shadow","[""oversized_evidence"",""partial_enumeration"",""unresolved_load_more""]","[""docs/changes/autonomous-direct-source-ingestion/verification.md"",""docs/changes/direct-source-candidate-audit/verification.md (verified operator evidence, 2026-09-30)"",""https://www.paradisegp.com/paradise-hotpot/"",""https://www.paradisegp.com/privacy-policy/""]","[]",""
"Paradise Hotpot","paradisehotpot","[""Paradise Hotpot""]","Paradise Group Holdings Pte. Ltd.","[""Paradise Group Holdings Pte. Ltd.""]","1","1","[{""kind"":""merchant_web"",""platform"":null,""source_id"":""paradise_group_sg"",""account"":null,""operator"":""Paradise Group Holdings Pte. Ltd."",""urls"":[""https://www.paradisegp.com/"",""https://www.paradisegp.com/paradise-hotpot/""],""ownership"":""verified"",""enumeration"":""partial"",""extraction"":""partial"",""adapter"":""paradise-group"",""adapter_status"":""shadow"",""activation_status"":""shadow"",""stage"":""adapter_shadow"",""publication_enabled"":false,""auto_publish"":false,""autonomous_acquisition_enabled"":false,""review_incomplete_candidates"":false,""blockers"":[""oversized_evidence"",""partial_enumeration"",""unresolved_load_more""],""evidence_refs"":[""docs/changes/autonomous-direct-source-ingestion/verification.md"",""docs/changes/direct-source-candidate-audit/verification.md (verified operator evidence, 2026-09-30)"",""https://www.paradisegp.com/paradise-hotpot/"",""https://www.paradisegp.com/privacy-policy/""]}]","shadow_only","adapter_shadow","false","website","false","false","resolve_web_enumeration","oversized_evidence","[""paradisegp.com""]","1","verified","partial","partial","partial","shadow","paradise_group_sg","[""wordpress_promotion_directory""]","false","disabled_shadow","[""Historical menu differs from currently linked PDF; not current-offer proof"",""Menu rates and early-bird conditions are not campaign validity"",""Native multi-column extraction needs layout association; no OCR"",""oversized_evidence"",""partial_enumeration"",""unresolved_load_more""]","["".local/direct-source-audit/2026-09-30T14-13-48-529Z/audit.json#4dce528cfc515671956bd8bd1447632a43c0faa5b30c42740c71992ed1fa4600"",""/Users/louis/Documents/Projects/vibe coding/PromotionAroundYou/.local/direct-source-audit/2026-09-30-captured-evidence/reviewed-evidence-final.json#candidate-16"",""/Users/louis/Documents/Projects/vibe coding/PromotionAroundYou/.local/direct-source-audit/2026-09-30-captured-evidence/reviewed-evidence-final.json#paradise-native-text"",""docs/changes/autonomous-direct-source-ingestion/verification.md"",""docs/changes/direct-source-candidate-audit/verification.md (verified operator evidence, 2026-09-30)"",""https://www.paradisegp.com/paradise-hotpot/"",""https://www.paradisegp.com/privacy-policy/"",""https://www.paradisegp.com/wp-content/uploads/Paradise-Hotpot-Menu_-Aug-2025.pdf?utm_source=telegram&utm_medium=sep2026&utm_campaign=sgfooddeals"",""tests/corpus/mvp-conformance-reviewed.json#8e0614ff-a1c1-47f4-b945-7a1058b195e8""]","[{""candidate_url"":""https://www.paradisegp.com/wp-content/uploads/Paradise-Hotpot-Menu_-Aug-2025.pdf?utm_source=telegram&utm_medium=sep2026&utm_campaign=sgfooddeals"",""domain"":""paradisegp.com"",""ownership_status"":""verified"",""enumerable"":""partial"",""extraction"":""semi_structured"",""family"":""wordpress_promotion_directory"",""app_findings"":null}]",""
"Park Side","parkside","[""Park Side""]","null","[]","1","1","[]","not_assessed","discovered","false","manual_research","false","false","assess_direct_source","no_captured_direct_source_assessment","[]","0","unknown","unknown","unknown","unknown","none","null","[]","false","not_onboarded","[""no_captured_direct_source_assessment""]","[""tests/corpus/mvp-conformance-reviewed.json#6fde275d-91fb-4696-a07d-c9c0f09836b7""]","[]",""
"Pepper Lunch","pepperlunch","[""Pepper Lunch""]","Hot Palette (Asia Pacific) Pte. Ltd.","[""Hot Palette (Asia Pacific) Pte. Ltd.""]","2","2","[{""kind"":""merchant_web"",""platform"":null,""source_id"":""pepper_lunch_sg"",""account"":null,""operator"":""Hot Palette (Asia Pacific) Pte. Ltd."",""urls"":[""https://www.pepperlunch.com.sg/promo/""],""ownership"":""verified"",""enumeration"":""complete"",""extraction"":""partial"",""adapter"":""pepper-lunch"",""adapter_status"":""enabled"",""activation_status"":""enabled"",""stage"":""production_enabled"",""publication_enabled"":true,""auto_publish"":true,""autonomous_acquisition_enabled"":true,""review_incomplete_candidates"":true,""blockers"":[],""evidence_refs"":[""docs/changes/autonomous-direct-source-ingestion/verification.md"",""docs/changes/direct-source-candidate-audit/verification.md (verified operator evidence, 2026-09-30)"",""https://www.pepperlunch.com.sg/privacy/""]}]","auto_enabled","production_enabled","true","null","true","true","none_monitor_enabled_source","null","[""pepperlunch.com.sg""]","1","verified","yes","yes","partial","enabled","pepper_lunch_sg","[""wordpress_promotion_directory""]","true","enabled","[""Separate outlet enumeration needed; Express format is not a full participating branch list""]","["".local/direct-source-audit/2026-09-30T14-13-48-529Z/audit.json#68e5dff33f05ba3fb2caf4489a3e924142ddd1c0dc131094800fb2209afcff14"","".local/source-origin-audit/2026-09-30-social-corrected-offline/signals.json#68e5dff33f05ba3fb2caf4489a3e924142ddd1c0dc131094800fb2209afcff14"",""/Users/louis/Documents/Projects/vibe coding/PromotionAroundYou/.local/direct-source-audit/2026-09-30-captured-evidence/reviewed-evidence-final.json#candidate-11"",""docs/changes/autonomous-direct-source-ingestion/verification.md"",""docs/changes/direct-source-candidate-audit/verification.md (verified operator evidence, 2026-09-30)"",""https://www.pepperlunch.com.sg/privacy/"",""https://www.pepperlunch.com.sg/promo/uper-value-deal/?utm_source=telegram&utm_medium=sep2026&utm_campaign=sgfooddeals"",""tests/corpus/mvp-conformance-reviewed.json#03f444f8-8e6b-463a-9046-c697cefe6701""]","[{""candidate_url"":""https://www.pepperlunch.com.sg/promo/uper-value-deal/?utm_source=telegram&utm_medium=sep2026&utm_campaign=sgfooddeals"",""domain"":""pepperlunch.com.sg"",""ownership_status"":""verified"",""enumerable"":""yes"",""extraction"":""semi_structured"",""family"":""wordpress_promotion_directory"",""app_findings"":null}]",""
"Petite Menu","petitemenu","[""Petite Menu""]","null","[]","1","1","[]","not_assessed","discovered","false","manual_research","false","false","assess_direct_source","no_captured_direct_source_assessment","[]","0","unknown","unknown","unknown","unknown","none","null","[]","false","not_onboarded","[""no_captured_direct_source_assessment""]","[""tests/corpus/mvp-conformance-reviewed.json#9c8fb70b-7490-4b77-9f41-646688f4a299""]","[]",""
"Pizza Hut","pizzahut","[""Pizza Hut""]","Pizza Hut Singapore Pte Ltd (official indexed policy; captured page is JS shell)","[]","3","8","[{""kind"":""merchant_social"",""platform"":""instagram"",""source_id"":null,""account"":""pizzahut_sg"",""operator"":null,""urls"":[""https://www.instagram.com/p/DdDr_9tigEc/?utm_source=telegram&utm_medium=sep2026&utm_campaign=sgfooddeals""],""ownership"":""unverified"",""enumeration"":""not_assessed"",""extraction"":""not_assessed"",""adapter"":null,""adapter_status"":""none"",""activation_status"":""candidate"",""stage"":""discovered"",""publication_enabled"":false,""auto_publish"":false,""autonomous_acquisition_enabled"":false,""review_incomplete_candidates"":false,""blockers"":[""automated_access_permission_unestablished"",""blocked_public_access"",""bounded_feed_boundary_unproven"",""ownership_unverified"",""unknown_continuation""],""evidence_refs"":[""https://www.pizzahut.com.sg/"",""tests/fixtures/coverage-batch-2/pizzahut/social-1/f462499a81700beab0d23b0b60a80156836dc0bb12051042d5e5679df88d09a3.html"",""tests/fixtures/coverage-batch-2/pizzahut/web-2/567678567cb0b0995127c359ce8348522bdec59d5872ca45bfaa7e85dbc48ffa.html"",""tests/fixtures/coverage-batch-2/pizzahut/web-2/manifest.json"",""tests/fixtures/coverage-batch-2/pizzahut/web-4/d0542ee2fdd7697614e285cb09fc0c960bfd6faf8740527c3bd80a7ecc735d1e.html""]},{""kind"":""merchant_web"",""platform"":null,""account"":null,""source_id"":null,""operator"":""Pizza Hut Singapore Pte Ltd (official indexed policy; captured page is JS shell)"",""urls"":[""https://www.pizzahut.com.sg/"",""https://www.pizzahut.com.sg/find-a-hut"",""https://www.pizzahut.com.sg/hot-deals"",""https://www.pizzahut.com.sg/privacy""],""ownership"":""probable"",""enumeration"":""not_enumerable"",""extraction"":""public_js_shell"",""adapter"":null,""adapter_status"":""none"",""activation_status"":""blocked"",""stage"":""blocked"",""publication_enabled"":false,""auto_publish"":false,""autonomous_acquisition_enabled"":false,""review_incomplete_candidates"":false,""blockers"":[""public_promotion_html_js_shell"",""location_dependent_commerce_unresolved"",""exact_social_ownership_backlink_unavailable""],""evidence_refs"":[""tests/fixtures/coverage-batch-2/pizzahut/social-1/f462499a81700beab0d23b0b60a80156836dc0bb12051042d5e5679df88d09a3.html"",""tests/fixtures/coverage-batch-2/pizzahut/web-2/567678567cb0b0995127c359ce8348522bdec59d5872ca45bfaa7e85dbc48ffa.html"",""tests/fixtures/coverage-batch-2/pizzahut/web-4/d0542ee2fdd7697614e285cb09fc0c960bfd6faf8740527c3bd80a7ecc735d1e.html"",""tests/fixtures/coverage-batch-2/pizzahut/web-5/567678567cb0b0995127c359ce8348522bdec59d5872ca45bfaa7e85dbc48ffa.html""]}]","source_candidate","discovered","false","instagram","false","false","verify_instagram_ownership","blocked_public_access","[]","0","probable","not_enumerable","unknown","public_js_shell","none","null","[""corporate_html_promotion_directory""]","false","not_onboarded","[""exact_social_ownership_backlink_unavailable"",""location_dependent_commerce_unresolved"",""public_promotion_html_js_shell""]","["".local/source-origin-audit/2026-09-30-social-corrected-offline/signals.json#12ceb8992cb9337f5b8ac44c00051e07100bf5524974a713d34fdd52d3ffd6ca"",""tests/corpus/mvp-conformance-reviewed.json#160fbee3-2fea-4188-8df7-8a62570a9e0f"",""tests/corpus/mvp-conformance-reviewed.json#4bdd9904-029c-4b69-bff7-60934d4c67ff"",""tests/fixtures/coverage-batch-2/pizzahut/social-1/f462499a81700beab0d23b0b60a80156836dc0bb12051042d5e5679df88d09a3.html"",""tests/fixtures/coverage-batch-2/pizzahut/web-2/567678567cb0b0995127c359ce8348522bdec59d5872ca45bfaa7e85dbc48ffa.html"",""tests/fixtures/coverage-batch-2/pizzahut/web-4/d0542ee2fdd7697614e285cb09fc0c960bfd6faf8740527c3bd80a7ecc735d1e.html"",""tests/fixtures/coverage-batch-2/pizzahut/web-5/567678567cb0b0995127c359ce8348522bdec59d5872ca45bfaa7e85dbc48ffa.html""]","[]",""
"Poke Theory","poketheory","[""Poke Theory""]","null","[]","1","1","[{""kind"":""merchant_social"",""platform"":""instagram"",""source_id"":null,""account"":null,""operator"":null,""urls"":[""https://www.instagram.com/p/DdiCeMoDVZk/?utm_source=telegram&utm_medium=TS""],""ownership"":""unverified"",""enumeration"":""not_assessed"",""extraction"":""not_assessed"",""adapter"":null,""adapter_status"":""none"",""activation_status"":""candidate"",""stage"":""discovered"",""publication_enabled"":false,""auto_publish"":false,""autonomous_acquisition_enabled"":false,""review_incomplete_candidates"":false,""blockers"":[""exact_account_unresolved"",""ownership_unverified""],""evidence_refs"":[""https://www.instagram.com/p/DdiCeMoDVZk/?utm_source=telegram&utm_medium=TS""]}]","source_candidate","discovered","false","instagram","false","false","verify_instagram_ownership","exact_account_unresolved","[]","0","unknown","unknown","unknown","unknown","none","null","[]","false","not_onboarded","[""no_captured_direct_source_assessment""]","["".local/source-origin-audit/2026-09-30-social-corrected-offline/signals.json#254d12f026a43d1897f4e6f93cd90643c045f162f44b3f78a4ed9db18e6c617e""]","[]",""
"POKKA","pokka","[""POKKA""]","null","[]","1","1","[]","not_assessed","discovered","false","manual_research","false","false","assess_direct_source","no_captured_direct_source_assessment","[]","0","unknown","unknown","unknown","unknown","none","null","[]","false","not_onboarded","[""no_captured_direct_source_assessment""]","[""tests/corpus/mvp-conformance-reviewed.json#60c60e9b-32f8-49cd-9d48-1293241500ae""]","[]",""
"Potato Corner","potatocorner","[""Potato Corner""]","null","[]","1","1","[]","not_assessed","discovered","false","manual_research","false","false","assess_direct_source","no_captured_direct_source_assessment","[]","0","unknown","unknown","unknown","unknown","none","null","[]","false","not_onboarded","[""no_captured_direct_source_assessment""]","[""tests/corpus/mvp-conformance-reviewed.json#47120939-156b-4a72-b68d-101ecab82e72""]","[]",""
"POUT Rooftop Cafe","poutrooftopcafe","[""POUT Rooftop Cafe""]","null","[]","1","1","[]","not_assessed","discovered","false","manual_research","false","false","assess_direct_source","no_captured_direct_source_assessment","[]","0","unknown","unknown","unknown","unknown","none","null","[]","false","not_onboarded","[""no_captured_direct_source_assessment""]","[""tests/corpus/mvp-conformance-reviewed.json#2e73a8de-609c-434b-bed9-f789d244c796""]","[]",""
"Racines","racines","[""Racines""]","null","[]","1","1","[]","not_assessed","discovered","false","manual_research","false","false","assess_direct_source","no_captured_direct_source_assessment","[]","0","unknown","unknown","unknown","unknown","none","null","[]","false","not_onboarded","[""no_captured_direct_source_assessment""]","[""tests/corpus/mvp-conformance-reviewed.json#f2400d50-2192-4578-94fb-f476a0d75419""]","[]",""
"Rollney","rollney","[""Rollney""]","null","[]","1","1","[]","not_assessed","discovered","false","manual_research","false","false","assess_direct_source","no_captured_direct_source_assessment","[]","0","unknown","unknown","unknown","unknown","none","null","[]","false","not_onboarded","[""no_captured_direct_source_assessment""]","[""tests/corpus/mvp-conformance-reviewed.json#a67b932e-e282-4e45-ad18-97a95680d2cc""]","[]",""
"Saizeriya","saizeriya","[""Saizeriya""]","null","[]","1","1","[]","not_assessed","discovered","false","manual_research","false","false","assess_direct_source","no_captured_direct_source_assessment","[]","0","unknown","unknown","unknown","unknown","none","null","[]","false","not_onboarded","[""no_captured_direct_source_assessment""]","[""tests/corpus/mvp-conformance-reviewed.json#f956fdb9-8208-42f6-a997-de8fff4dbd24""]","[]",""
"San Shu Gong","sanshugong","[""San Shu Gong""]","null","[]","1","1","[]","not_assessed","discovered","false","manual_research","false","false","assess_direct_source","no_captured_direct_source_assessment","[]","0","unknown","unknown","unknown","unknown","none","null","[]","false","not_onboarded","[""no_captured_direct_source_assessment""]","[""tests/corpus/mvp-conformance-reviewed.json#0f7eff56-4a0b-470a-b39f-299748d49703""]","[]",""
"Secret Recipe","secretrecipe","[""Secret Recipe""]","null","[]","1","1","[]","not_assessed","discovered","false","manual_research","false","false","assess_direct_source","no_captured_direct_source_assessment","[]","0","unknown","unknown","unknown","unknown","none","null","[]","false","not_onboarded","[""no_captured_direct_source_assessment""]","[""tests/corpus/mvp-conformance-reviewed.json#449ae825-b6cc-44af-9c44-f1d9893295b8""]","[]",""
"Seoul Garden","seoulgarden","[""Seoul Garden""]","null","[]","1","1","[]","not_assessed","discovered","false","manual_research","false","false","assess_direct_source","no_captured_direct_source_assessment","[]","0","unknown","unknown","unknown","unknown","none","null","[]","false","not_onboarded","[""no_captured_direct_source_assessment""]","[""tests/corpus/mvp-conformance-reviewed.json#fa9b36c1-fb20-4513-aa5e-0c10a7f03e08""]","[]",""
"Shake Shack","shakeshack","[""Shake Shack""]","Shake Shack Singapore Jewel Ptd Ltd","[""Happy Point Singapore"",""Shake Shack Singapore""]","2","2","[{""kind"":""issuer_platform"",""platform"":null,""source_id"":null,""account"":null,""operator"":null,""urls"":[""https://app.happypointcard.com.sg/?utm_source=telegram&utm_medium=TS""],""ownership"":""probable"",""enumeration"":""no"",""extraction"":""app_only"",""adapter"":null,""adapter_status"":""none"",""activation_status"":""candidate"",""stage"":""discovered"",""publication_enabled"":false,""auto_publish"":false,""autonomous_acquisition_enabled"":false,""review_incomplete_candidates"":false,""blockers"":[""Exact app/operator ownership needs independent confirmation"",""No stable offer ID; tracking parameters are not campaign identity"",""Separate Cheeseburger campaign is not evidence of the sampled Summer Greek Chicken offer""],""evidence_refs"":[""/Users/louis/Documents/Projects/vibe coding/PromotionAroundYou/.local/direct-source-audit/2026-09-30-captured-evidence/reviewed-evidence-final.json#candidate-09"",""https://app.happypointcard.com.sg/?utm_source=telegram&utm_medium=TS""]},{""kind"":""merchant_web"",""platform"":null,""source_id"":""shake_shack_sg"",""account"":null,""operator"":""Shake Shack Singapore Jewel Ptd Ltd"",""urls"":[""https://www.shakeshack.com.sg/blog/""],""ownership"":""verified"",""enumeration"":""complete"",""extraction"":""partial"",""adapter"":""shake-shack"",""adapter_status"":""enabled"",""activation_status"":""enabled"",""stage"":""production_enabled"",""publication_enabled"":true,""auto_publish"":true,""autonomous_acquisition_enabled"":true,""review_incomplete_candidates"":true,""blockers"":[],""evidence_refs"":[""docs/changes/shake-shack-autonomous-activation/verification.md"",""docs/changes/shake-shack-direct-source/research.md"",""docs/changes/shake-shack-direct-source/research.md; tests/fixtures/direct-sources/shake-shack/ownership.json (independent legal operator declaration, 2026-10-01)"",""https://www.shakeshack.com.sg/wp-content/uploads/2024/12/SS-Data-Protection-Notice-for-Customers.pdf"",""tests/fixtures/direct-sources/shake-shack/complete-2026-10-01-network-enabled/capture-provenance.json""]}]","auto_enabled","production_enabled","true","null","true","true","none_monitor_enabled_source","null","[""app.happypointcard.com.sg"",""shakeshack.com.sg""]","2","verified","yes","mixed","partial","enabled","shake_shack_sg","[""app_deeplink_only"",""wordpress_dated_promotions""]","true","enabled","[]","["".local/direct-source-audit/2026-09-30T14-13-48-529Z/audit.json#3ae71fadb4236f1db491ab41637e4debcb004bd9be0a0dc6f40080abecc6e121"","".local/direct-source-audit/2026-09-30T14-13-48-529Z/audit.json#8cad723f00816887317bab173ce6855cd7f15c2b0a7fbb69845b9331e69ab11f"","".local/source-origin-audit/2026-09-30-social-corrected-offline/signals.json#3ae71fadb4236f1db491ab41637e4debcb004bd9be0a0dc6f40080abecc6e121"","".local/source-origin-audit/2026-09-30-social-corrected-offline/signals.json#8cad723f00816887317bab173ce6855cd7f15c2b0a7fbb69845b9331e69ab11f"",""/Users/louis/Documents/Projects/vibe coding/PromotionAroundYou/.local/direct-source-audit/2026-09-30-captured-evidence/reviewed-evidence-final.json#candidate-09"",""/Users/louis/Documents/Projects/vibe coding/PromotionAroundYou/.local/direct-source-audit/2026-09-30-captured-evidence/reviewed-evidence-final.json#candidate-14"",""docs/changes/shake-shack-autonomous-activation/verification.md"",""docs/changes/shake-shack-direct-source/research.md"",""docs/changes/shake-shack-direct-source/research.md; tests/fixtures/direct-sources/shake-shack/ownership.json (independent legal operator declaration, 2026-10-01)"",""https://app.happypointcard.com.sg/?utm_source=telegram&utm_medium=TS"",""https://www.shakeshack.com.sg/national-cheeseburger-day/?utm_source=telegram&utm_medium=TS"",""https://www.shakeshack.com.sg/wp-content/uploads/2024/12/SS-Data-Protection-Notice-for-Customers.pdf"",""tests/fixtures/direct-sources/shake-shack/complete-2026-10-01-network-enabled/capture-provenance.json""]","[{""candidate_url"":""https://app.happypointcard.com.sg/?utm_source=telegram&utm_medium=TS"",""domain"":""app.happypointcard.com.sg"",""ownership_status"":""probable"",""enumerable"":""no"",""extraction"":""app_only"",""family"":""app_deeplink_only"",""app_findings"":{""corresponding_web_campaign"":""unknown"",""metadata_before_launch"":""Generic Happy Points Singapore title and store links only; no sampled Summer Greek Chicken offer facts."",""stable_campaign_identifier"":null,""public_listing_endpoint"":""No campaign/listing endpoint observed on gateway or linked merchant campaign."",""authentication"":""Gateway public without login; in-app offer access unknown. No app login attempted."",""acquisition_role"":""evidence_only""}},{""candidate_url"":""https://www.shakeshack.com.sg/national-cheeseburger-day/?utm_source=telegram&utm_medium=TS"",""domain"":""shakeshack.com.sg"",""ownership_status"":""probable"",""enumerable"":""yes"",""extraction"":""semi_structured"",""family"":""wordpress_dated_promotions"",""app_findings"":null}]",""
"Shi Li Fang","shilifang","[""Shi Li Fang""]","null","[]","1","1","[]","not_assessed","discovered","false","manual_research","false","false","assess_direct_source","no_captured_direct_source_assessment","[]","0","unknown","unknown","unknown","unknown","none","null","[]","false","not_onboarded","[""no_captured_direct_source_assessment""]","[""tests/corpus/mvp-conformance-reviewed.json#9a24b58b-bc32-4e93-ba02-e4af7e41416b""]","[]",""
"Shin Katsu","shinkatsu","[""Shin Katsu""]","null","[]","1","1","[]","not_assessed","discovered","false","manual_research","false","false","assess_direct_source","no_captured_direct_source_assessment","[]","0","unknown","unknown","unknown","unknown","none","null","[]","false","not_onboarded","[""no_captured_direct_source_assessment""]","[""tests/corpus/mvp-conformance-reviewed.json#d60144e9-e98c-4e00-bb7b-33fc4c181dd8""]","[]",""
"SHINRAI","shinrai","[""SHINRAI""]","null","[]","1","1","[{""kind"":""merchant_social"",""platform"":""instagram"",""source_id"":null,""account"":""shinrai.sg"",""operator"":null,""urls"":[""https://www.instagram.com/p/DDJfz9bynW-/?utm_source=telegram&utm_medium=sep2026&utm_campaign=sgfooddeals""],""ownership"":""verified"",""enumeration"":""blocked"",""extraction"":""not_assessed"",""adapter"":null,""adapter_status"":""none"",""activation_status"":""blocked"",""stage"":""blocked"",""publication_enabled"":false,""auto_publish"":false,""autonomous_acquisition_enabled"":false,""review_incomplete_candidates"":false,""blockers"":[""automated_access_permission_unestablished"",""bounded_feed_boundary_unproven"",""unknown_continuation""],""evidence_refs"":[""https://www.shinrai.sg/"",""tests/fixtures/social-sources/instagram-2026-10-02/c59c9667ca91bf1278e488919ee635d60260d8734ced9b9bf24fa6027273d467.html"",""tests/fixtures/social-sources/instagram-2026-10-02/d4e6906d14df0c893690ee09be1ee02cf95b4ee3d8e23c04754e8f6c945d824d.html"",""tests/fixtures/social-sources/official-2026-10-02-network/4a02095bf25eb7129b633d6ba3c7265999986ada608ff4d921474bed8e36f4af.html"",""tests/fixtures/social-sources/official-2026-10-02-network/manifest.json""]}]","blocked","blocked","false","blocked","false","false","blocked_no_safe_public_source","automated_access_permission_unestablished","[]","0","unknown","unknown","unknown","unknown","none","null","[]","false","not_onboarded","[""no_captured_direct_source_assessment""]","["".local/source-origin-audit/2026-09-30-social-corrected-offline/signals.json#9109c3090156de7bf9e4c037cad90eba9146ab9997597f1a0371d292c5ed7a3a""]","[]",""
"Shiok Burger","shiokburger","[""Shiok Burger""]","null","[]","2","5","[{""kind"":""merchant_social"",""platform"":""instagram"",""source_id"":null,""account"":""shiokburger_sg"",""operator"":null,""urls"":[""https://www.instagram.com/shiokburger_sg/""],""ownership"":""verified"",""enumeration"":""blocked"",""extraction"":""not_assessed"",""adapter"":null,""adapter_status"":""none"",""activation_status"":""blocked"",""stage"":""blocked"",""publication_enabled"":false,""auto_publish"":false,""autonomous_acquisition_enabled"":false,""review_incomplete_candidates"":false,""blockers"":[""automated_access_permission_unestablished"",""bounded_feed_boundary_unproven"",""post_account_association_unproven"",""unknown_continuation""],""evidence_refs"":[""https://www.shiokburger.com/"",""tests/fixtures/coverage-batch-2/shiokburger/social-1/8da7dc7b15faf4b9bebc9de5445814cb96de35c0ad05092570f006df65b08f72.html"",""tests/fixtures/coverage-batch-2/shiokburger/web-2/cc634a597d17ddf5df37e00eb8eed0f1da9f4704aacfb43120add775d32f8f14.html"",""tests/fixtures/coverage-batch-2/shiokburger/web-2/manifest.json""]},{""kind"":""merchant_web"",""platform"":null,""account"":null,""source_id"":null,""operator"":null,""urls"":[""https://www.shiokburger.com/""],""ownership"":""verified"",""enumeration"":""not_enumerable"",""extraction"":""menu_and_corporate_news_only"",""adapter"":null,""adapter_status"":""none"",""activation_status"":""blocked"",""stage"":""blocked"",""publication_enabled"":false,""auto_publish"":false,""autonomous_acquisition_enabled"":false,""review_incomplete_candidates"":false,""blockers"":[""promotion_directory_absent"",""official_outlet_directory_unavailable""],""evidence_refs"":[""tests/fixtures/coverage-batch-2/shiokburger/social-1/8da7dc7b15faf4b9bebc9de5445814cb96de35c0ad05092570f006df65b08f72.html"",""tests/fixtures/coverage-batch-2/shiokburger/web-2/cc634a597d17ddf5df37e00eb8eed0f1da9f4704aacfb43120add775d32f8f14.html""]}]","blocked","blocked","false","blocked","false","false","blocked_no_safe_public_source","automated_access_permission_unestablished","[]","0","verified","not_enumerable","unknown","menu_and_corporate_news_only","none","null","[""unknown""]","false","not_onboarded","[""official_outlet_directory_unavailable"",""promotion_directory_absent""]","[""tests/corpus/mvp-conformance-reviewed.json#3611d0e6-53a2-418f-abf0-7d3f18dcd5ff"",""tests/corpus/mvp-conformance-reviewed.json#8c345e9f-5dd9-46a1-9296-32859969da0b"",""tests/fixtures/coverage-batch-2/shiokburger/social-1/8da7dc7b15faf4b9bebc9de5445814cb96de35c0ad05092570f006df65b08f72.html"",""tests/fixtures/coverage-batch-2/shiokburger/web-2/cc634a597d17ddf5df37e00eb8eed0f1da9f4704aacfb43120add775d32f8f14.html""]","[]",""
"SIDES by the Sidemen","sidesbythesidemen","[""SIDES by the Sidemen""]","null","[]","1","1","[]","not_assessed","discovered","false","manual_research","false","false","assess_direct_source","no_captured_direct_source_assessment","[]","0","unknown","unknown","unknown","unknown","none","null","[]","false","not_onboarded","[""no_captured_direct_source_assessment""]","[""tests/corpus/mvp-conformance-reviewed.json#31c558a9-05cc-4ced-8682-133424e0a6c4""]","[]",""
"Singapore Chinese Cultural Centre","singaporechineseculturalcentre","[""Singapore Chinese Cultural Centre""]","null","[]","1","1","[]","not_assessed","discovered","false","manual_research","false","false","assess_direct_source","no_captured_direct_source_assessment","[]","0","unknown","unknown","unknown","unknown","none","null","[]","false","not_onboarded","[""no_captured_direct_source_assessment""]","[""tests/corpus/mvp-conformance-reviewed.json#5964ce1a-af02-47e1-9545-89fb3228341a""]","[]",""
"Sinpopo Brand","sinpopobrand","[""Sinpopo Brand""]","null","[]","1","1","[{""kind"":""merchant_social"",""platform"":""instagram"",""source_id"":null,""account"":""sinpopobrand"",""operator"":null,""urls"":[""https://www.instagram.com/p/DdQA3EChsjx/?hl=en&utm_source=telegram&utm_medium=sep2026&utm_campaign=sgfooddeals""],""ownership"":""verified"",""enumeration"":""blocked"",""extraction"":""not_assessed"",""adapter"":null,""adapter_status"":""none"",""activation_status"":""blocked"",""stage"":""blocked"",""publication_enabled"":false,""auto_publish"":false,""autonomous_acquisition_enabled"":false,""review_incomplete_candidates"":false,""blockers"":[""automated_access_permission_unestablished"",""bounded_feed_boundary_unproven"",""unknown_continuation""],""evidence_refs"":[""https://www.sinpopo.com/"",""tests/fixtures/social-sources/instagram-2026-10-02/b8a9c64ae12fb643690c7ecacd692261fd58db662185d4824c3cbce299e76b52.html"",""tests/fixtures/social-sources/instagram-2026-10-02/e7ba16a236a178f3edc66abf2252ddea31c780a702915e01604662da358bb1c8.html"",""tests/fixtures/social-sources/official-2026-10-02-network/651bb741bd34e9d92d0d1b4dbd023ad02ea0ed9878cd94d3bb597a9c284e706a.html"",""tests/fixtures/social-sources/official-2026-10-02-network/manifest.json""]}]","blocked","blocked","false","blocked","false","false","blocked_no_safe_public_source","automated_access_permission_unestablished","[]","0","unknown","unknown","unknown","unknown","none","null","[]","false","not_onboarded","[""no_captured_direct_source_assessment""]","["".local/source-origin-audit/2026-09-30-social-corrected-offline/signals.json#e40cd2a0ae3f949195bd45de2327c4861a478b619ab6f1228bc6f533c9ec2bfe""]","[]",""
"Sip Sip","sipsip","[""Sip Sip""]","null","[]","1","1","[]","not_assessed","discovered","false","manual_research","false","false","assess_direct_source","no_captured_direct_source_assessment","[]","0","unknown","unknown","unknown","unknown","none","null","[]","false","not_onboarded","[""no_captured_direct_source_assessment""]","[""tests/corpus/mvp-conformance-reviewed.json#2cb1abdc-10fb-49b1-a92e-a27d24f798ad""]","[]",""
"Smooy","smooy","[""Smooy""]","null","[]","1","1","[]","not_assessed","discovered","false","manual_research","false","false","assess_direct_source","no_captured_direct_source_assessment","[]","0","unknown","unknown","unknown","unknown","none","null","[]","false","not_onboarded","[""no_captured_direct_source_assessment""]","[""tests/corpus/mvp-conformance-reviewed.json#dbf143b6-a24a-43e9-accd-91eef36f9051""]","[]",""
"Smöoy","smoy","[""Smöoy""]","null","[]","1","1","[]","not_assessed","discovered","false","manual_research","false","false","assess_direct_source","no_captured_direct_source_assessment","[]","0","unknown","unknown","unknown","unknown","none","null","[]","false","not_onboarded","[""no_captured_direct_source_assessment""]","[""tests/corpus/mvp-conformance-reviewed.json#913b0d23-15bd-4fd9-acdd-ef7542926612""]","[]",""
"Spicy Noodles SG","spicynoodlessg","[""Spicy Noodles SG""]","null","[]","1","1","[]","not_assessed","discovered","false","manual_research","false","false","assess_direct_source","no_captured_direct_source_assessment","[]","0","unknown","unknown","unknown","unknown","none","null","[]","false","not_onboarded","[""no_captured_direct_source_assessment""]","[""tests/corpus/mvp-conformance-reviewed.json#55def2b4-76ce-435f-8f45-694b1404bee9""]","[]",""
"Starbucks","starbucks","[""Starbucks""]","null","[]","3","3","[{""kind"":""merchant_social"",""platform"":""instagram"",""source_id"":null,""account"":""starbuckssg"",""operator"":null,""urls"":[""https://www.instagram.com/p/DdfecQUjNZ5/?utm_source=telegram&utm_medium=sep2026&utm_campaign=sgfooddeals""],""ownership"":""verified"",""enumeration"":""blocked"",""extraction"":""not_assessed"",""adapter"":null,""adapter_status"":""none"",""activation_status"":""blocked"",""stage"":""blocked"",""publication_enabled"":false,""auto_publish"":false,""autonomous_acquisition_enabled"":false,""review_incomplete_candidates"":false,""blockers"":[""automated_access_permission_unestablished"",""bounded_feed_boundary_unproven"",""unknown_continuation""],""evidence_refs"":[""https://www.starbucks.com.sg/"",""tests/fixtures/social-sources/instagram-2026-10-02/0c33cbeaee16d0b976cad3c4c955c6c1e64c3310a467378aa228e4235189cbbd.html"",""tests/fixtures/social-sources/instagram-2026-10-02/38cad557cb4de87b6ab263f12da3a3bd18c1a242d8e550b8820035cc2c878322.html"",""tests/fixtures/social-sources/official-2026-10-02-network/ed7b56e1c676f657d48379fb43cdc259fe2fec94a6a50facfdd3e58ea1f4aac3.html"",""tests/fixtures/social-sources/official-2026-10-02-network/manifest.json""]}]","blocked","blocked","false","blocked","false","false","blocked_no_safe_public_source","automated_access_permission_unestablished","[]","0","unknown","unknown","unknown","unknown","none","null","[]","false","not_onboarded","[""no_captured_direct_source_assessment""]","["".local/source-origin-audit/2026-09-30-social-corrected-offline/signals.json#1c71b56962e0d2ae811b3ee993278164ee02526673af4083e70f630a1751f3f5"",""tests/corpus/mvp-conformance-reviewed.json#57272908-ceee-4144-9a39-53847ddd864a"",""tests/corpus/mvp-conformance-reviewed.json#bef67874-81c0-4842-bb54-3fec6ade7c51""]","[]",""
"Subway","subway","[""Subway""]","null","[]","1","1","[]","not_assessed","discovered","false","manual_research","false","false","assess_direct_source","no_captured_direct_source_assessment","[]","0","unknown","unknown","unknown","unknown","none","null","[]","false","not_onboarded","[""no_captured_direct_source_assessment""]","[""tests/corpus/mvp-conformance-reviewed.json#2b846900-bd20-4f58-8d69-754fab1d73c9""]","[]",""
"Sukiya","sukiya","[""Sukiya""]","null","[]","1","1","[]","not_assessed","discovered","false","manual_research","false","false","assess_direct_source","no_captured_direct_source_assessment","[]","0","unknown","unknown","unknown","unknown","none","null","[]","false","not_onboarded","[""no_captured_direct_source_assessment""]","[""tests/corpus/mvp-conformance-reviewed.json#f51fd6b9-1f04-4c1b-9cbb-4b8f8bf7788d""]","[]",""
"Sushidan","sushidan","[""Sushidan""]","null","[]","1","1","[]","not_assessed","discovered","false","manual_research","false","false","assess_direct_source","no_captured_direct_source_assessment","[]","0","unknown","unknown","unknown","unknown","none","null","[]","false","not_onboarded","[""no_captured_direct_source_assessment""]","[""tests/corpus/mvp-conformance-reviewed.json#a0d783fd-e0a9-42bd-b654-19e3d0e66777""]","[]",""
"Sushi Express","sushiexpress","[""Sushi Express""]","null","[]","2","1","[]","not_assessed","discovered","false","manual_research","false","false","assess_direct_source","no_captured_direct_source_assessment","[]","0","unknown","unknown","unknown","unknown","none","null","[]","false","not_onboarded","[""no_captured_direct_source_assessment""]","["".local/source-origin-audit/2026-09-30-social-corrected-offline/signals.json#221828044db3aef3dac860a4eb5107fb6ef3c8acae40be3bf15d4f56703dc3d0"",""tests/corpus/mvp-conformance-reviewed.json#03a241e2-961c-4fb5-b9b1-f4526100aee4""]","[]",""
"Sushiro","sushiro","[""Sushiro""]","SUSHIRO GH SINGAPORE PTE. LTD.","[]","4","4","[{""kind"":""merchant_social"",""platform"":""instagram"",""source_id"":null,""account"":""sushirosingapore"",""operator"":null,""urls"":[""https://www.instagram.com/p/Ddp3ov4Fwng/?img_index=1&utm_source=telegram&utm_medium=TS""],""ownership"":""verified"",""enumeration"":""blocked"",""extraction"":""not_assessed"",""adapter"":null,""adapter_status"":""none"",""activation_status"":""blocked"",""stage"":""blocked"",""publication_enabled"":false,""auto_publish"":false,""autonomous_acquisition_enabled"":false,""review_incomplete_candidates"":false,""blockers"":[""automated_access_permission_unestablished"",""bounded_feed_boundary_unproven"",""unknown_continuation""],""evidence_refs"":[""https://www.sushiro.com.sg/promo/"",""tests/fixtures/coverage-batch-2/sushiro/social-1/5ecdbe8d83dfd14558d264833b37d675ade5fbe0b703ed86eb3b86bdddb05a2d.html"",""tests/fixtures/coverage-batch-2/sushiro/social-1/c53962cf6ffab321fa51f3fbe22c7f46c667464fa94a9b1528c986c26a0357b3.html"",""tests/fixtures/coverage-batch-2/sushiro/web-2/d2a36725711a67a56fcd8b4e0900e35a1f069ed0bd69e1d23147cb2462c7201c.html"",""tests/fixtures/coverage-batch-2/sushiro/web-2/manifest.json""]},{""kind"":""merchant_web"",""platform"":null,""source_id"":""sushiro_sg"",""account"":null,""operator"":""SUSHIRO GH SINGAPORE PTE. LTD."",""urls"":[""https://www.sushiro.com.sg/promo/""],""ownership"":""verified"",""enumeration"":""partial"",""extraction"":""partial"",""adapter"":""sushiro"",""adapter_status"":""shadow"",""activation_status"":""shadow"",""stage"":""adapter_shadow"",""publication_enabled"":false,""auto_publish"":false,""autonomous_acquisition_enabled"":false,""review_incomplete_candidates"":false,""blockers"":[""outlet_participation_unstated"",""sushiro_directory_boundary_unproven"",""validity_year_unstated""],""evidence_refs"":[""docs/changes/coverage-batch-2/research.md (captured official source boundaries, 2026-10-02)"",""docs/changes/coverage-batch-2/source-decisions.json"",""https://www.sushiro.com.sg/contact-location/"",""https://www.sushiro.com.sg/privacy-policy/""]}]","shadow_only","adapter_shadow","false","website","false","false","resolve_web_enumeration","automated_access_permission_unestablished","[]","0","verified","partial","unknown","partial","shadow","sushiro_sg","[""wordpress_promotion_directory""]","false","disabled_shadow","[""outlet_participation_unstated"",""sushiro_directory_boundary_unproven"",""validity_year_unstated""]","["".local/source-origin-audit/2026-09-30-social-corrected-offline/signals.json#ab23c3152aa09a6d8ad2f60fe95a955c18e0ca1700f7842de8cdcd5f606c4373"",""docs/changes/coverage-batch-2/research.md (captured official source boundaries, 2026-10-02)"",""docs/changes/coverage-batch-2/source-decisions.json"",""https://www.sushiro.com.sg/contact-location/"",""https://www.sushiro.com.sg/privacy-policy/"",""tests/corpus/mvp-conformance-reviewed.json#2c891c12-7dad-4134-8863-a582f0990c50"",""tests/corpus/mvp-conformance-reviewed.json#3a67ef71-dcd3-417e-9760-dda1dc41327b"",""tests/corpus/mvp-conformance-reviewed.json#a09a0a45-936b-4708-9e7a-257a3ec47ed0"",""tests/fixtures/coverage-batch-2/sushiro/social-1/5ecdbe8d83dfd14558d264833b37d675ade5fbe0b703ed86eb3b86bdddb05a2d.html"",""tests/fixtures/coverage-batch-2/sushiro/social-1/c53962cf6ffab321fa51f3fbe22c7f46c667464fa94a9b1528c986c26a0357b3.html"",""tests/fixtures/coverage-batch-2/sushiro/web-2/a29f69c6bb4056fc8d5b542b510982e3f67bea9e3cdbc47aba6c4dfb9c46227e.html"",""tests/fixtures/coverage-batch-2/sushiro/web-2/d2a36725711a67a56fcd8b4e0900e35a1f069ed0bd69e1d23147cb2462c7201c.html"",""tests/fixtures/coverage-batch-2/sushiro/web-3/6efacde0d6bf8f16f6cc01505b9cb643ea797bed376372cf5e274090edb2a1e4.html"",""tests/fixtures/coverage-batch-2/sushiro/web-3/7b7d5120c91d45284ce565f841fcbfab8c606e39fdc06e03a6b02fd526676733.html""]","[]",""
"Takashimaya","takashimaya","[""Takashimaya""]","null","[]","1","1","[]","not_assessed","discovered","false","manual_research","false","false","assess_direct_source","no_captured_direct_source_assessment","[]","0","unknown","unknown","unknown","unknown","none","null","[]","false","not_onboarded","[""no_captured_direct_source_assessment""]","[""tests/corpus/mvp-conformance-reviewed.json#24112d7d-c571-4e51-a676-d1a96fe8077d""]","[]",""
"Tavola Aperta","tavolaaperta","[""Tavola Aperta""]","null","[]","1","1","[]","not_assessed","discovered","false","manual_research","false","false","assess_direct_source","no_captured_direct_source_assessment","[]","0","unknown","unknown","unknown","unknown","none","null","[]","false","not_onboarded","[""no_captured_direct_source_assessment""]","[""tests/corpus/mvp-conformance-reviewed.json#f5c6b926-b8eb-4e5f-9bbf-059db7bb4466""]","[]",""
"The Coffee Bean & Tea Leaf","thecoffeebeantealeaf","[""The Coffee Bean & Tea Leaf""]","The Coffee Bean & Tea Leaf Pte Ltd","[]","3","3","[{""kind"":""merchant_social"",""platform"":""instagram"",""source_id"":null,""account"":""coffeebeansg"",""operator"":null,""urls"":[""https://www.instagram.com/p/DdgiQp9jdIl/?hl=en&utm_source=telegram&utm_medium=sep2026&utm_campaign=sgfooddeals""],""ownership"":""verified"",""enumeration"":""blocked"",""extraction"":""not_assessed"",""adapter"":null,""adapter_status"":""none"",""activation_status"":""blocked"",""stage"":""blocked"",""publication_enabled"":false,""auto_publish"":false,""autonomous_acquisition_enabled"":false,""review_incomplete_candidates"":false,""blockers"":[""automated_access_permission_unestablished"",""bounded_feed_boundary_unproven"",""unknown_continuation""],""evidence_refs"":[""https://www.coffeebean.com.sg/"",""tests/fixtures/coverage-batch-2/thecoffeebeantealeaf/social-1/06ea06f1a7ea344e052faac1a481ca090bebb22762a47aa4703a2ec0648f6b56.html"",""tests/fixtures/coverage-batch-2/thecoffeebeantealeaf/social-1/5243f9859f567961da82945a0190ca0f371f42b189afc59d9ae4a9f659cec15c.html"",""tests/fixtures/coverage-batch-2/thecoffeebeantealeaf/web-2/bd9425f9c29eeb5a55e744d7a630ff199259b301ef99dfe05aff22a87ba87a19.html"",""tests/fixtures/coverage-batch-2/thecoffeebeantealeaf/web-2/manifest.json""]},{""kind"":""merchant_web"",""platform"":null,""account"":null,""source_id"":null,""operator"":""The Coffee Bean & Tea Leaf Pte Ltd"",""urls"":[""https://www.coffeebean.com.sg/"",""https://www.coffeebean.com.sg/amlocator"",""https://www.coffeebean.com.sg/terms-and-conditions""],""ownership"":""verified"",""enumeration"":""not_enumerable"",""extraction"":""commerce_and_social_home"",""adapter"":null,""adapter_status"":""none"",""activation_status"":""blocked"",""stage"":""blocked"",""publication_enabled"":false,""auto_publish"":false,""autonomous_acquisition_enabled"":false,""review_incomplete_candidates"":false,""blockers"":[""promotion_directory_absent"",""commerce_catalogue_not_campaigns"",""app_voucher_validity_not_public""],""evidence_refs"":[""tests/fixtures/coverage-batch-2/thecoffeebeantealeaf/social-1/06ea06f1a7ea344e052faac1a481ca090bebb22762a47aa4703a2ec0648f6b56.html"",""tests/fixtures/coverage-batch-2/thecoffeebeantealeaf/social-1/5243f9859f567961da82945a0190ca0f371f42b189afc59d9ae4a9f659cec15c.html"",""tests/fixtures/coverage-batch-2/thecoffeebeantealeaf/web-2/bd9425f9c29eeb5a55e744d7a630ff199259b301ef99dfe05aff22a87ba87a19.html"",""tests/fixtures/coverage-batch-2/thecoffeebeantealeaf/web-3/79401a6e2e16b35007c275b055abd2c79127176daaa1f7023c54ca6b73d6ccd9.html"",""tests/fixtures/coverage-batch-2/thecoffeebeantealeaf/web-3/da0075fbddc8601ecab2b93b1c76cbf8ca9c50431003f4205b034b25dd94e6ec.html""]}]","blocked","blocked","false","blocked","false","false","blocked_no_safe_public_source","app_voucher_validity_not_public","[]","0","verified","not_enumerable","unknown","commerce_and_social_home","none","null","[""corporate_html_promotion_directory""]","false","not_onboarded","[""app_voucher_validity_not_public"",""commerce_catalogue_not_campaigns"",""promotion_directory_absent""]","["".local/source-origin-audit/2026-09-30-social-corrected-offline/signals.json#4c005bb0edfba511e19c02ecbfa3c117cd17f3c8afdd81a0087b67ca15969021"",""tests/corpus/mvp-conformance-reviewed.json#4a709fcd-7018-48d7-a2ec-1c5e4097029e"",""tests/corpus/mvp-conformance-reviewed.json#bf619172-5bef-47a9-a004-e97a3f8f964e"",""tests/fixtures/coverage-batch-2/thecoffeebeantealeaf/social-1/06ea06f1a7ea344e052faac1a481ca090bebb22762a47aa4703a2ec0648f6b56.html"",""tests/fixtures/coverage-batch-2/thecoffeebeantealeaf/social-1/5243f9859f567961da82945a0190ca0f371f42b189afc59d9ae4a9f659cec15c.html"",""tests/fixtures/coverage-batch-2/thecoffeebeantealeaf/web-2/bd9425f9c29eeb5a55e744d7a630ff199259b301ef99dfe05aff22a87ba87a19.html"",""tests/fixtures/coverage-batch-2/thecoffeebeantealeaf/web-3/79401a6e2e16b35007c275b055abd2c79127176daaa1f7023c54ca6b73d6ccd9.html"",""tests/fixtures/coverage-batch-2/thecoffeebeantealeaf/web-3/da0075fbddc8601ecab2b93b1c76cbf8ca9c50431003f4205b034b25dd94e6ec.html""]","[]",""
"The Summer Açaí","thesummeraa","[""The Summer Açaí""]","null","[]","1","0","[]","not_assessed","discovered","false","manual_research","false","false","assess_direct_source","no_captured_direct_source_assessment","[]","0","unknown","unknown","unknown","unknown","none","null","[]","false","not_onboarded","[""no_captured_direct_source_assessment""]","["".local/source-origin-audit/2026-09-30-social-corrected-offline/signals.json#6c156dde23c2f3723bc50a4369f60eabfa63844b7775e2186795c41ba21a5757""]","[]",""
"Tofu G","tofug","[""Tofu G""]","null","[]","2","1","[]","not_assessed","discovered","false","manual_research","false","false","assess_direct_source","no_captured_direct_source_assessment","[]","0","unknown","unknown","unknown","unknown","none","null","[]","false","not_onboarded","[""no_captured_direct_source_assessment""]","["".local/source-origin-audit/2026-09-30-social-corrected-offline/signals.json#e86e6a7bf94b6b787a6deecb1ca0bf9e7c3bb98b7c0fb9757fff9b01f1ffb021"",""tests/corpus/mvp-conformance-reviewed.json#7094556c-0caf-4b59-a9ea-a296753533dd""]","[]",""
"Tofu G Gelato","tofuggelato","[""Tofu G Gelato""]","null","[]","1","1","[{""kind"":""merchant_social"",""platform"":""instagram"",""source_id"":null,""account"":null,""operator"":null,""urls"":[""https://www.instagram.com/p/DdYsy1NyTF_/?utm_source=Telegram&utm_medium=TS&utm_campaign=TS_TofuGSuntec""],""ownership"":""unverified"",""enumeration"":""not_assessed"",""extraction"":""not_assessed"",""adapter"":null,""adapter_status"":""none"",""activation_status"":""candidate"",""stage"":""discovered"",""publication_enabled"":false,""auto_publish"":false,""autonomous_acquisition_enabled"":false,""review_incomplete_candidates"":false,""blockers"":[""exact_account_unresolved"",""ownership_unverified""],""evidence_refs"":[""https://www.instagram.com/p/DdYsy1NyTF_/?utm_source=Telegram&utm_medium=TS&utm_campaign=TS_TofuGSuntec""]}]","source_candidate","discovered","false","instagram","false","false","verify_instagram_ownership","exact_account_unresolved","[]","0","unknown","unknown","unknown","unknown","none","null","[]","false","not_onboarded","[""no_captured_direct_source_assessment""]","["".local/source-origin-audit/2026-09-30-social-corrected-offline/signals.json#843448b3de68694d6ce8c9827bfb829aaae606fc79c2ef02cde935c899f46005""]","[]",""
"Viva Lavender","vivalavender","[""Viva Lavender""]","null","[]","1","1","[]","not_assessed","discovered","false","manual_research","false","false","assess_direct_source","no_captured_direct_source_assessment","[]","0","unknown","unknown","unknown","unknown","none","null","[]","false","not_onboarded","[""no_captured_direct_source_assessment""]","[""tests/corpus/mvp-conformance-reviewed.json#ad4337d1-80aa-4e0d-8cfb-8b4844581f07""]","[]",""
"White Restaurant","whiterestaurant","[""White Restaurant""]","null","[]","1","1","[]","not_assessed","discovered","false","manual_research","false","false","assess_direct_source","no_captured_direct_source_assessment","[]","0","unknown","unknown","unknown","unknown","none","null","[]","false","not_onboarded","[""no_captured_direct_source_assessment""]","[""tests/corpus/mvp-conformance-reviewed.json#430b3b51-f721-4b7c-ac73-b641773ad9eb""]","[]",""
"Window on The Park","windowonthepark","[""Window on The Park""]","null","[]","1","1","[]","not_assessed","discovered","false","manual_research","false","false","assess_direct_source","no_captured_direct_source_assessment","[]","0","unknown","unknown","unknown","unknown","none","null","[]","false","not_onboarded","[""no_captured_direct_source_assessment""]","[""tests/corpus/mvp-conformance-reviewed.json#bbddbf85-3514-4beb-a028-30b025e0bc6e""]","[]",""
"Yakiniku Like","yakinikulike","[""Yakiniku Like""]","null","[]","1","1","[]","not_assessed","discovered","false","manual_research","false","false","assess_direct_source","no_captured_direct_source_assessment","[]","0","unknown","unknown","unknown","unknown","none","null","[]","false","not_onboarded","[""no_captured_direct_source_assessment""]","[""tests/corpus/mvp-conformance-reviewed.json#ac91a621-5743-478a-aa2f-4b543a818a7d""]","[]",""
"Yo-Chi","yochi","[""Yo-Chi""]","null","[]","1","1","[]","not_assessed","discovered","false","manual_research","false","false","assess_direct_source","no_captured_direct_source_assessment","[]","0","unknown","unknown","unknown","unknown","none","null","[]","false","not_onboarded","[""no_captured_direct_source_assessment""]","[""tests/corpus/mvp-conformance-reviewed.json#d36cf870-7bbb-4926-8651-14f609cc0b96""]","[]",""
"Zapangi Coffee","zapangicoffee","[""Zapangi Coffee""]","null","[]","1","1","[]","not_assessed","discovered","false","manual_research","false","false","assess_direct_source","no_captured_direct_source_assessment","[]","0","unknown","unknown","unknown","unknown","none","null","[]","false","not_onboarded","[""no_captured_direct_source_assessment""]","[""tests/corpus/mvp-conformance-reviewed.json#af68f283-4d23-41da-b4b6-0947f00ad471""]","[]",""
